day,entry_time,direction,signal,entry_price,or_width,prev_net,expiry,policy,exit_time,exit_price,spot_pts,reason,clip_pnl,bs_pnl,bs_debit0,days_held
2021-07-05,2021-07-05 10:15:00+05:30,LONG,HigherLow,15825.2,58.0,0.13432367481298751,2021-07-08,expiry,2021-07-06 09:45:00+05:30,15865.6,40.399999999999636,TARGET,32.899999999999636,3.4216414473103214,20.46027972527827,1
2021-07-08,2021-07-08 10:05:00+05:30,LONG,HigherLow,15850.8999,35.800100000000384,0.39958271425410635,2021-07-08,expiry,2021-07-08 11:40:00+05:30,15819.2,-31.699899999999616,STOP,-7.5,-10.26041376556077,17.279639000818406,0
2021-07-16,2021-07-16 10:30:00+05:30,LONG,HigherLow,15930.7999,32.20000000000073,0.31886606968434245,2021-07-22,expiry,2021-07-16 12:00:00+05:30,15905.1,-25.699899999999616,STOP,-7.5,-1.6349016848507745,21.994895321478907,0
2021-07-22,2021-07-22 09:55:00+05:30,LONG,HigherLow,15789.2999,44.399999999999636,0.5158118656839402,2021-07-22,expiry,2021-07-22 15:15:00+05:30,15826.2999,37.0,EXPIRY,29.5,12.27396517965326,14.02593482034672,0
2021-08-03,2021-08-03 09:55:00+05:30,LONG,HigherLow,15958.6,37.40010000000075,0.09513249247130504,2021-08-05,expiry,2021-08-03 12:05:00+05:30,15999.2999,40.699899999999616,TARGET,33.199899999999616,4.364496474627231,23.145443873199838,0
2021-08-04,2021-08-04 10:00:00+05:30,LONG,HigherLow,16261.1,78.60000000000036,1.1015253344701743,2021-08-05,expiry,2021-08-04 11:40:00+05:30,16233.3999,-27.70010000000002,STOP,-7.5,-3.964787494231132,22.970171996296813,0
2021-08-26,2021-08-26 09:55:00+05:30,LONG,HigherLow,16664.7,52.70000000000073,0.14017048865410836,2021-08-26,expiry,2021-08-26 12:30:00+05:30,16634.2999,-30.40009999999893,STOP,-7.5,-11.796304881611604,21.807267388176115,0
2021-08-30,2021-08-30 09:55:00+05:30,LONG,HigherLow,16848.9,74.5,0.42380806386648623,2021-09-02,expiry,2021-08-30 14:05:00+05:30,16893.5999,44.699899999999616,TARGET,37.199899999999616,3.777593702769991,22.682027952770113,0
2021-09-15,2021-09-15 09:55:00+05:30,LONG,HigherLow,17438.5,41.199899999999616,0.14231502112598998,2021-09-16,expiry,2021-09-15 12:30:00+05:30,17484.5999,46.09990000000107,TARGET,38.59990000000107,6.028100873275434,20.198339082207895,0
2021-09-17,2021-09-17 09:55:00+05:30,LONG,HigherLow,17755.6992,57.900000000001455,0.4638684556383163,2021-09-23,expiry,2021-09-17 11:25:00+05:30,17714.5999,-41.09929999999804,STOP,-7.5,-2.3530246871368945,23.701269535823485,0
2021-09-23,2021-09-23 09:55:00+05:30,LONG,HigherLow,17702.5999,53.5,0.08740234597427043,2021-09-23,expiry,2021-09-23 12:00:00+05:30,17747.0,44.40009999999893,TARGET,36.90009999999893,14.15698135898765,18.570231838540167,0
2021-09-29,2021-09-29 10:15:00+05:30,LONG,HigherLow,17683.2,62.10009999999966,0.596468249328612,2021-09-30,expiry,2021-09-29 10:25:00+05:30,17646.5999,-36.60009999999966,STOP,-7.5,-4.408129345938505,19.5737759447793,0
2021-10-04,2021-10-04 09:55:00+05:30,LONG,HigherLow,17705.4004,73.29880000000048,0.013113258163433792,2021-10-07,expiry,2021-10-04 10:55:00+05:30,17746.5996,41.19920000000275,TARGET,33.69920000000275,3.287100429160091,23.301210697581155,0
2021-10-05,2021-10-05 10:10:00+05:30,LONG,HigherLow,17683.1504,52.94919999999911,0.5076483418159343,2021-10-07,expiry,2021-10-05 12:40:00+05:30,17731.6504,48.5,TARGET,41.0,4.645422653392416,20.894611422779235,0
2021-10-06,2021-10-06 10:00:00+05:30,LONG,HigherLow,17862.3008,40.650399999998626,0.9481491762434775,2021-10-07,expiry,2021-10-06 10:10:00+05:30,17832.0508,-30.25,STOP,-7.5,-3.8123729961926074,23.294759707627236,0
2021-10-13,2021-10-13 09:55:00+05:30,LONG,HigherLow,18117.6992,44.75,0.4578216716884326,2021-10-14,expiry,2021-10-13 12:55:00+05:30,18161.0996,43.400400000002264,TARGET,35.900400000002264,5.660098859928439,23.99647098141304,0
2021-10-19,2021-10-19 10:50:00+05:30,LONG,HigherLow,18543.8496,53.25,0.006490793022286799,2021-10-21,expiry,2021-10-19 12:30:00+05:30,18589.8008,45.95119999999952,TARGET,38.45119999999952,4.246966119256285,22.023776231189004,0
2021-11-15,2021-11-15 10:50:00+05:30,LONG,HigherLow,18155.3496,60.150400000002264,3.8980287525375905,2021-11-18,expiry,2021-11-15 11:20:00+05:30,18123.5996,-31.75,STOP,-7.5,-2.468489207901257,23.327445759731745,0
2021-12-13,2021-12-13 09:55:00+05:30,LONG,HigherLow,17632.3496,36.70119999999952,0.056033003775465696,2021-12-16,expiry,2021-12-13 10:15:00+05:30,17581.3008,-51.04880000000048,STOP,-7.5,-3.9407788467033242,21.47038859008353,0
2021-12-30,2021-12-30 09:55:00+05:30,LONG,HigherLow,17230.3008,73.69919999999911,0.1838018376188504,2021-12-30,expiry,2021-12-30 14:55:00+05:30,17204.0508,-26.25,STOP,-7.5,-12.57684136286025,12.57684136286025,0
2022-01-05,2022-01-05 09:55:00+05:30,LONG,HigherLow,17842.8008,79.5,0.768203468221072,2022-01-06,expiry,2022-01-05 10:45:00+05:30,17808.25,-34.55080000000089,STOP,-7.5,-4.296551816313695,20.83670701484698,0
2022-01-10,2022-01-10 09:55:00+05:30,LONG,HigherLow,17946.6504,72.34959999999774,0.0,2022-01-13,expiry,2022-01-10 11:45:00+05:30,17918.9004,-27.75,STOP,-7.5,-2.199334848820399,22.63866434505053,0
2022-02-01,2022-02-01 09:55:00+05:30,LONG,HigherLow,17548.5508,71.94920000000275,0.2103753241796026,2022-02-03,expiry,2022-02-01 11:30:00+05:30,17522.9004,-25.650400000002264,STOP,-7.5,-2.503785240783145,22.337302636673485,0
2022-02-02,2022-02-02 10:05:00+05:30,LONG,HigherLow,17736.1992,55.80080000000089,0.40952297601465104,2022-02-03,expiry,2022-02-02 10:35:00+05:30,17685.0508,-51.14839999999822,STOP,-7.5,-6.101493243056211,19.975811611908284,0
2022-02-03,2022-02-03 10:00:00+05:30,LONG,HigherLow,17727.4004,71.84959999999774,0.5345440675811292,2022-02-03,expiry,2022-02-03 10:05:00+05:30,17702.4004,-25.0,STOP,-7.5,-5.040820583986942,12.115077393285901,0
2022-02-23,2022-02-23 11:00:00+05:30,LONG,HigherLow,17163.0508,60.05079999999725,1.2698326633262982,2022-02-24,expiry,2022-02-23 12:55:00+05:30,17137.5508,-25.5,STOP,-7.5,-3.5639739442103746,23.303138853130804,0
2022-03-17,2022-03-17 09:55:00+05:30,LONG,HigherLow,17240.9004,51.79880000000048,0.604546438366313,2022-03-17,expiry,2022-03-17 11:30:00+05:30,17285.6504,44.75,TARGET,37.25,13.42769621272737,15.23179523716908,0
2022-04-01,2022-04-01 09:55:00+05:30,LONG,HigherLow,17527.4492,68.10160000000178,0.2913923010183233,2022-04-07,expiry,2022-04-01 13:30:00+05:30,17580.3008,52.85160000000178,TARGET,42.5,3.056664229992748,22.061070396615833,0
2022-04-18,2022-04-18 09:55:00+05:30,LONG,HigherLow,17206.9492,76.55080000000089,0.7619338573074979,2022-04-21,expiry,2022-04-18 10:05:00+05:30,17154.0508,-52.89839999999822,STOP,-7.5,-4.263094984805321,23.382765838178784,0
2022-04-21,2022-04-21 10:00:00+05:30,LONG,HigherLow,17251.8496,41.85160000000178,0.6104386852642284,2022-04-21,expiry,2022-04-21 11:00:00+05:30,17305.5508,53.70119999999952,TARGET,42.5,16.464433738638036,18.16005357361246,0
2022-04-29,2022-04-29 10:35:00+05:30,LONG,HigherLow,17327.5508,47.19919999999911,0.23270019488641322,2022-05-05,expiry,2022-04-29 13:05:00+05:30,17372.9004,45.349599999997736,TARGET,37.849599999997736,2.6530163228198944,22.029926557008366,0
2022-05-17,2022-05-17 10:00:00+05:30,LONG,HigherLow,15951.3496,69.60059999999976,0.11549816954133182,2022-05-19,expiry,2022-05-17 10:15:00+05:30,16007.4502,56.10059999999976,TARGET,42.5,5.941617097097151,22.3781269009678,0
2022-05-25,2022-05-25 11:10:00+05:30,LONG,HigherLow,16164.7002,63.75,0.539579866809818,2022-05-26,expiry,2022-05-25 11:20:00+05:30,16130.5,-34.20019999999931,STOP,-7.5,-4.831794006319797,23.436603622754774,0
2022-06-21,2022-06-21 09:55:00+05:30,LONG,HigherLow,15541.7002,68.44919999999911,0.22433336593955097,2022-06-23,expiry,2022-06-21 10:30:00+05:30,15586.0996,44.39940000000024,TARGET,36.89940000000024,4.820202077594331,21.278085603739783,0
2022-06-29,2022-06-29 09:55:00+05:30,LONG,HigherLow,15758.5498,55.70020000000113,0.7444085084273386,2022-06-30,expiry,2022-06-29 11:55:00+05:30,15804.7002,46.150399999998626,TARGET,38.650399999998626,6.768417671366478,22.546282416416034,0
2022-07-05,2022-07-05 09:55:00+05:30,LONG,HigherLow,15967.5,63.25,0.7552299417586992,2022-07-07,expiry,2022-07-05 11:20:00+05:30,16011.5,44.0,TARGET,36.5,4.695208021397775,24.088259743135495,0
2022-07-21,2022-07-21 09:55:00+05:30,LONG,HigherLow,16556.9492,51.80079999999725,0.4045209551756488,2022-07-21,expiry,2022-07-21 13:50:00+05:30,16518.0,-38.94919999999911,STOP,-7.5,-16.324297498849603,19.447481690164295,0
2022-07-22,2022-07-22 11:50:00+05:30,LONG,HigherLow,16674.0996,50.70119999999952,0.5219822364088958,2022-07-28,expiry,2022-07-22 13:50:00+05:30,16716.4492,42.349599999997736,TARGET,34.849599999997736,2.608665511919753,24.751092277212592,0
2022-07-27,2022-07-27 09:55:00+05:30,LONG,HigherLow,16490.5996,72.40040000000226,1.000123826870254,2022-07-28,expiry,2022-07-27 10:15:00+05:30,16535.9004,45.30079999999725,TARGET,37.80079999999725,6.207123183527074,20.21638024251115,0
2022-07-28,2022-07-28 09:55:00+05:30,LONG,HigherLow,16791.6504,42.75,1.016065844211273,2022-07-28,expiry,2022-07-28 10:15:00+05:30,16832.3496,40.69920000000275,TARGET,33.19920000000275,12.064176394509104,15.206309304178376,0
2022-08-02,2022-08-02 11:30:00+05:30,LONG,HigherLow,17281.1992,60.5,0.5167347367882973,2022-08-04,expiry,2022-08-02 12:35:00+05:30,17251.0,-30.19919999999911,STOP,-7.5,-2.9474308109111007,20.564988011568857,0
2022-08-08,2022-08-08 10:05:00+05:30,LONG,HigherLow,17424.0508,74.65039999999863,0.1985783644970157,2022-08-11,expiry,2022-08-08 10:35:00+05:30,17464.1504,40.099599999997736,TARGET,32.599599999997736,3.2451086153760116,24.78316536467355,0
2022-08-12,2022-08-12 10:00:00+05:30,LONG,HigherLow,17664.5,61.75,0.4121580900219214,2022-08-18,expiry,2022-08-12 12:55:00+05:30,17707.5,43.0,TARGET,35.5,2.490899795432597,24.200914906919024,0
2022-08-17,2022-08-17 10:05:00+05:30,LONG,HigherLow,17904.1504,58.849599999997736,0.17475558738479358,2022-08-18,expiry,2022-08-17 14:45:00+05:30,17948.5508,44.400400000002264,TARGET,36.900400000002264,5.912605153599543,22.26370634572686,0
2022-08-18,2022-08-18 09:55:00+05:30,LONG,HigherLow,17940.1992,61.5,0.3408321434321611,2022-08-18,expiry,2022-08-18 10:25:00+05:30,17898.6992,-41.5,STOP,-7.5,-9.140603684084681,15.387231061764851,0
2022-08-30,2022-08-30 10:05:00+05:30,LONG,HigherLow,17486.75,63.94919999999911,0.8752822152924977,2022-09-01,expiry,2022-08-30 10:45:00+05:30,17527.9492,41.19919999999911,TARGET,33.69919999999911,3.9767569001842276,21.195660601108102,0
2022-09-12,2022-09-12 10:00:00+05:30,LONG,HigherLow,17954.75,52.54880000000048,0.5247278109221307,2022-09-15,expiry,2022-09-12 15:20:00+05:30,17925.5,-29.25,STOP,-7.5,-2.4092407921461927,23.27107253838585,0
2022-09-13,2022-09-13 10:00:00+05:30,LONG,HigherLow,18054.1504,38.75,0.2277700663248547,2022-09-15,expiry,2022-09-14 09:15:00+05:30,17863.9492,-190.20119999999952,STOP,-7.5,-18.351575641348063,22.928217471829157,1
2022-10-18,2022-10-18 09:55:00+05:30,LONG,HigherLow,17513.0508,65.75,1.0250921083900841,2022-10-20,expiry,2022-10-18 10:45:00+05:30,17481.5,-31.55080000000089,STOP,-7.5,-3.056809322673871,23.72784749697621,0
2022-10-19,2022-10-19 10:05:00+05:30,LONG,HigherLow,17572.4492,46.20119999999952,0.29732406279120566,2022-10-20,expiry,2022-10-19 12:05:00+05:30,17542.6992,-29.75,STOP,-7.5,-3.9809919536837697,24.582884595391988,0
2022-10-20,2022-10-20 09:55:00+05:30,LONG,HigherLow,17471.9492,46.89839999999822,0.280626012855612,2022-10-20,expiry,2022-10-20 12:45:00+05:30,17513.4004,41.45119999999952,TARGET,33.95119999999952,15.14783452321899,24.066924624628882,0
2022-10-28,2022-10-28 10:05:00+05:30,LONG,HigherLow,17814.25,64.84959999999774,0.0703377320787843,2022-11-03,expiry,2022-10-28 10:45:00+05:30,17787.9492,-26.30080000000089,STOP,-7.5,-1.5024374844579143,24.19160330968589,0
2022-11-01,2022-11-01 10:15:00+05:30,LONG,HigherLow,18158.4004,42.04880000000048,0.6041317508071017,2022-11-03,expiry,2022-11-01 12:10:00+05:30,18124.5,-33.900399999998626,STOP,-7.5,-3.2169828560254246,23.331215660552516,0
2022-11-04,2022-11-04 11:20:00+05:30,LONG,HigherLow,18048.75,61.30080000000089,0.43521637624414605,2022-11-10,expiry,2022-11-04 15:00:00+05:30,18099.6992,50.94919999999911,TARGET,42.5,2.8971622310054954,23.323101976124235,0
2022-11-14,2022-11-14 10:00:00+05:30,LONG,HigherLow,18359.0,59.75,0.4539711740191284,2022-11-17,expiry,2022-11-14 10:25:00+05:30,18330.4492,-28.55080000000089,STOP,-7.5,-2.1878310640686323,23.63131375993362,0
2022-11-22,2022-11-22 09:55:00+05:30,LONG,HigherLow,18190.4492,52.94919999999911,0.4847597227998982,2022-11-24,expiry,2022-11-22 15:00:00+05:30,18234.8008,44.35160000000178,TARGET,36.85160000000178,4.167554135624414,21.680129526349447,0
2022-11-23,2022-11-23 11:50:00+05:30,LONG,HigherLow,18275.8496,49.95119999999952,0.3979811949847853,2022-11-24,expiry,2022-11-24 09:30:00+05:30,18322.4492,46.599599999997736,TARGET,39.099599999997736,5.571828189627013,18.698120101380482,1
2022-11-24,2022-11-24 10:00:00+05:30,LONG,HigherLow,18346.9492,49.900400000002264,0.38798814257908715,2022-11-24,expiry,2022-11-24 12:45:00+05:30,18388.0996,41.150400000002264,TARGET,33.650400000002264,12.808292707521105,17.237544034430357,0
2022-11-29,2022-11-29 09:55:00+05:30,LONG,HigherLow,18625.5508,79.0,0.6665541433520138,2022-12-01,expiry,2022-11-29 12:10:00+05:30,18666.9492,41.39839999999822,TARGET,33.89839999999822,3.7129770039391587,20.426183299163313,0
2022-12-07,2022-12-07 10:05:00+05:30,LONG,HigherLow,18654.0508,45.0,0.25348791029372963,2022-12-08,expiry,2022-12-07 10:40:00+05:30,18627.1504,-26.900400000002264,STOP,-7.5,-3.2744627059273625,22.356563288585676,0
2022-12-08,2022-12-08 09:55:00+05:30,LONG,HigherLow,18608.5,44.05080000000089,0.4683701079920752,2022-12-08,expiry,2022-12-08 10:35:00+05:30,18579.0,-29.5,STOP,-7.5,-8.041452760419816,20.432644043648907,0
2022-12-19,2022-12-19 10:00:00+05:30,LONG,HigherLow,18337.4492,68.40040000000226,0.26748039516090627,2022-12-22,expiry,2022-12-19 12:25:00+05:30,18381.4492,44.0,TARGET,36.5,3.3815650922915665,21.983816215144543,0
2022-12-28,2022-12-28 09:55:00+05:30,LONG,HigherLow,18132.0508,59.30080000000089,0.2553881079773919,2022-12-29,expiry,2022-12-28 10:20:00+05:30,18105.9004,-26.150400000002264,STOP,-7.5,-3.1378799489593803,19.59066666763556,0
2022-12-29,2022-12-29 09:55:00+05:30,LONG,HigherLow,18021.0508,50.349599999997736,0.12248109595100086,2022-12-29,expiry,2022-12-29 13:40:00+05:30,18062.8008,41.75,TARGET,34.25,17.004328119353886,23.836448826492415,0
2023-01-02,2023-01-02 09:55:00+05:30,LONG,HigherLow,18160.3008,62.75,0.7779616909477862,2023-01-05,expiry,2023-01-02 15:15:00+05:30,18204.0,43.69919999999911,TARGET,36.19919999999911,3.471682774360488,23.71928670442594,0
2023-01-03,2023-01-03 10:15:00+05:30,LONG,HigherLow,18228.6504,47.60160000000178,0.4260494239833849,2023-01-05,expiry,2023-01-03 12:10:00+05:30,18198.1992,-30.451199999999517,STOP,-7.5,-2.844176583211265,20.599011872930532,0
2023-01-04,2023-01-04 10:30:00+05:30,LONG,HigherLow,18163.3496,79.14839999999822,0.3914596719282899,2023-01-05,expiry,2023-01-04 10:45:00+05:30,18136.6504,-26.699200000002747,STOP,-7.5,-3.356817186126136,23.44085273107521,0
2023-01-18,2023-01-18 10:40:00+05:30,LONG,HigherLow,18121.4004,62.400399999998626,0.7476510032963151,2023-01-19,expiry,2023-01-18 11:35:00+05:30,18166.6992,45.29880000000048,TARGET,37.79880000000048,5.787248978162097,24.456920402953983,0
2023-01-19,2023-01-19 10:20:00+05:30,LONG,HigherLow,18086.5,59.650400000002264,0.49517821458410166,2023-01-19,expiry,2023-01-19 10:55:00+05:30,18127.6504,41.150399999998626,TARGET,33.650399999998626,11.609121796785075,14.186816049606932,0
2023-01-20,2023-01-20 09:55:00+05:30,LONG,HigherLow,18086.75,45.0,0.16970385237347643,2023-01-27,expiry,2023-01-20 10:15:00+05:30,18127.6504,40.900399999998626,TARGET,33.400399999998626,2.1281867872921794,22.800036760808325,0
2023-01-23,2023-01-23 09:55:00+05:30,LONG,HigherLow,18154.9004,73.69919999999911,0.4874185892251697,2023-01-27,expiry,2023-01-23 11:50:00+05:30,18128.4492,-26.451199999999517,STOP,-7.5,-1.8127797059787554,23.476200156927916,0
2023-01-24,2023-01-24 10:40:00+05:30,LONG,HigherLow,18168.0996,43.650399999998626,0.0745096881691177,2023-01-27,expiry,2023-01-24 11:30:00+05:30,18138.3008,-29.798800000000483,STOP,-7.5,-2.3306032274686004,24.32235433198821,0
2023-02-07,2023-02-07 09:55:00+05:30,LONG,HigherLow,17751.8008,64.69920000000275,0.31737036661814766,2023-02-09,expiry,2023-02-07 12:10:00+05:30,17723.9492,-27.85160000000178,STOP,-7.5,-2.7164934329393873,22.673825285784005,0
2023-02-15,2023-02-15 10:05:00+05:30,LONG,HigherLow,17914.5996,47.75,0.4568296128008612,2023-02-16,expiry,2023-02-15 14:35:00+05:30,17959.4492,44.849599999997736,TARGET,37.349599999997736,6.052537366933393,23.589418360652417,0
2023-02-21,2023-02-21 10:05:00+05:30,LONG,HigherLow,17891.0996,66.69920000000275,0.6559865673586905,2023-02-23,expiry,2023-02-21 12:05:00+05:30,17860.9004,-30.199200000002747,STOP,-7.5,-2.896012278320086,21.683302783686486,0
2023-03-03,2023-03-03 09:55:00+05:30,LONG,HigherLow,17485.9492,56.5,0.590360187125112,2023-03-09,expiry,2023-03-03 10:40:00+05:30,17531.3008,45.35160000000178,TARGET,37.85160000000178,2.6288051518313296,22.54311712165145,0
2023-03-09,2023-03-09 11:25:00+05:30,LONG,HigherLow,17715.3008,60.70119999999952,0.4854025444716471,2023-03-09,expiry,2023-03-09 12:00:00+05:30,17677.8008,-37.5,STOP,-7.5,-11.960455986127045,21.717835889889102,0
2023-03-23,2023-03-23 09:55:00+05:30,LONG,HigherLow,17125.0996,55.25,0.20200438141886115,2023-03-23,expiry,2023-03-23 10:25:00+05:30,17168.3496,43.25,TARGET,35.75,11.582504669804166,11.306690801849527,0
2023-04-05,2023-04-05 09:55:00+05:30,LONG,HigherLow,17473.1992,61.75,0.16209595102560892,2023-04-06,expiry,2023-04-05 12:35:00+05:30,17524.8008,51.60160000000178,TARGET,42.5,6.907785497594887,24.67946857057541,0
2023-04-06,2023-04-06 10:00:00+05:30,LONG,HigherLow,17576.4492,31.69919999999911,0.7961015114605248,2023-04-06,expiry,2023-04-06 11:10:00+05:30,17618.25,41.80080000000089,TARGET,34.30080000000089,10.942364502390319,11.808912240190239,0
2023-04-11,2023-04-11 09:55:00+05:30,LONG,HigherLow,17726.5996,47.55080000000089,0.12389976412907745,2023-04-13,expiry,2023-04-11 11:20:00+05:30,17700.8496,-25.75,STOP,-7.5,-2.4438802839849814,20.303034920050777,0
2023-05-04,2023-05-04 10:05:00+05:30,LONG,HigherLow,18130.75,51.30078125,0.17390055450210293,2023-05-04,expiry,2023-05-04 12:40:00+05:30,18173.900390625,43.150390625,TARGET,35.650390625,11.506038708085725,13.04165422011829,0
2023-05-09,2023-05-09 10:15:00+05:30,LONG,HigherLow,18330.55078125,40.5,0.83441594171516,2023-05-11,expiry,2023-05-09 12:50:00+05:30,18303.5,-27.05078125,STOP,-7.5,-2.5722480688336873,20.794211700899723,0
2023-05-15,2023-05-15 10:00:00+05:30,LONG,HigherLow,18383.7,75.0,0.20521239482864767,2023-05-18,expiry,2023-05-15 12:25:00+05:30,18424.95,41.25,TARGET,33.75,3.150981747534388,21.707283663316048,0
2023-05-18,2023-05-18 11:05:00+05:30,LONG,HigherLow,18246.05,57.900000000001455,0.5702045578114319,2023-05-18,expiry,2023-05-18 12:15:00+05:30,18216.0,-30.049999999999272,STOP,-7.5,-9.145253182771512,16.144324542303366,0
2023-05-24,2023-05-24 09:55:00+05:30,LONG,HigherLow,18350.6,68.14999999999782,0.15874398923918037,2023-05-25,expiry,2023-05-24 12:40:00+05:30,18323.75,-26.849999999998545,STOP,-7.5,-3.5336232672589176,21.898356983362646,0
2023-05-30,2023-05-30 10:05:00+05:30,LONG,HigherLow,18643.85,71.45000000000073,0.15118842696901552,2023-06-01,expiry,2023-05-30 10:45:00+05:30,18616.95,-26.899999999997817,STOP,-7.5,-2.4300591519013324,22.057958109926403,0
2023-06-15,2023-06-15 09:55:00+05:30,LONG,HigherLow,18772.1,55.849999999998545,0.01733832677144351,2023-06-15,expiry,2023-06-15 11:20:00+05:30,18738.85,-33.25,STOP,-7.5,-10.031793547801044,24.16753180753949,0
2023-07-03,2023-07-03 10:15:00+05:30,LONG,HigherLow,19317.9,77.54999999999927,0.5698005698005737,2023-07-06,expiry,2023-07-03 11:05:00+05:30,19284.35,-33.55000000000291,STOP,-7.5,-2.460723837666592,24.340586589298255,0
2023-07-04,2023-07-04 10:45:00+05:30,LONG,HigherLow,19346.95,65.5,0.4328059647208546,2023-07-06,expiry,2023-07-04 12:15:00+05:30,19388.3,41.349999999998545,TARGET,33.849999999998545,3.662082321894559,22.414216599960127,0
2023-07-06,2023-07-06 10:50:00+05:30,LONG,HigherLow,19448.8,48.44999999999709,0.051015281395643174,2023-07-06,expiry,2023-07-06 14:45:00+05:30,19494.65,45.85000000000218,TARGET,38.35000000000218,27.08355266038052,17.566447339620936,0
2023-07-10,2023-07-10 10:15:00+05:30,LONG,HigherLow,19417.85,59.04999999999927,0.5012150668286681,2023-07-13,expiry,2023-07-10 11:10:00+05:30,19389.8,-28.049999999999272,STOP,-7.5,-2.05044039137465,24.33960789822413,0
2023-07-11,2023-07-11 09:55:00+05:30,LONG,HigherLow,19475.5,60.79999999999927,0.16623411433298885,2023-07-13,expiry,2023-07-11 14:15:00+05:30,19446.6,-28.900000000001455,STOP,-7.5,-2.6885562975548964,20.612145174046418,0
2023-07-13,2023-07-13 09:55:00+05:30,LONG,HigherLow,19543.4,72.45000000000073,0.5780243057425495,2023-07-13,expiry,2023-07-13 13:40:00+05:30,19516.15,-27.25,STOP,-7.5,-12.130248740254387,16.853526715803127,0
2023-07-14,2023-07-14 10:35:00+05:30,LONG,HigherLow,19466.65,67.94999999999709,0.2751959456686849,2023-07-20,expiry,2023-07-14 14:00:00+05:30,19511.6,44.94999999999709,TARGET,37.44999999999709,2.37292534590415,24.36838993854508,0
2023-07-17,2023-07-17 10:05:00+05:30,LONG,HigherLow,19624.9,48.45000000000073,0.49580756613117644,2023-07-20,expiry,2023-07-17 13:50:00+05:30,19669.65,44.75,TARGET,37.25,3.2883764506514126,24.85273659928498,0
2023-07-24,2023-07-24 10:05:00+05:30,LONG,HigherLow,19733.65,49.79999999999927,0.10403803953951643,2023-07-27,expiry,2023-07-24 10:30:00+05:30,19775.15,41.5,TARGET,34.0,2.9557561397241443,21.91529453772,0
2023-07-25,2023-07-25 10:10:00+05:30,LONG,HigherLow,19678.05,55.04999999999927,0.4152224604968997,2023-07-27,expiry,2023-07-25 13:15:00+05:30,19652.95,-25.099999999998545,STOP,-7.5,-2.2705944634144544,20.860624235032446,0
2023-07-26,2023-07-26 09:55:00+05:30,LONG,HigherLow,19796.15,48.95000000000073,0.2719298912533754,2023-07-27,expiry,2023-07-26 14:50:00+05:30,19757.45,-38.70000000000073,STOP,-7.5,-4.946907898836798,21.609576438316253,0
2023-08-02,2023-08-02 09:55:00+05:30,LONG,HigherLow,19635.6,57.54999999999927,0.23604933279418078,2023-08-03,expiry,2023-08-02 10:15:00+05:30,19606.35,-29.25,STOP,-7.5,-3.268448219308084,20.385076647784445,0
2023-08-09,2023-08-09 10:05:00+05:30,LONG,HigherLow,19516.45,79.95000000000073,0.28990380696177476,2023-08-10,expiry,2023-08-09 10:15:00+05:30,19485.7,-30.75,STOP,-7.5,-3.575496952931644,23.913291600074444,0
2023-08-10,2023-08-10 09:55:00+05:30,LONG,HigherLow,19582.45,47.150000000001455,0.27223323186303183,2023-08-10,expiry,2023-08-10 10:25:00+05:30,19539.6,-42.85000000000218,STOP,-7.5,-8.405077576239592,14.31320412266814,0
2023-08-16,2023-08-16 10:10:00+05:30,LONG,HigherLow,19377.95,70.34999999999854,0.15089803677784971,2023-08-17,expiry,2023-08-16 13:05:00+05:30,19421.8,43.849999999998545,TARGET,36.349999999998545,5.085585053408067,19.435963427222305,0
2023-08-23,2023-08-23 10:55:00+05:30,LONG,HigherLow,19393.75,54.5,0.14214275046221397,2023-08-24,expiry,2023-08-23 12:25:00+05:30,19442.55,48.79999999999927,TARGET,41.29999999999927,5.8607936295711625,21.204543409491635,0
2023-09-11,2023-09-11 09:55:00+05:30,LONG,HigherLow,19927.3,40.849999999998545,0.22756235208447115,2023-09-14,expiry,2023-09-11 14:45:00+05:30,19971.95,44.650000000001455,TARGET,37.150000000001455,3.1378312591432405,21.50390626366334,0
2023-09-18,2023-09-18 10:05:00+05:30,LONG,HigherLow,20183.4,52.5,0.0669760796171945,2023-09-21,expiry,2023-09-18 13:45:00+05:30,20152.75,-30.650000000001455,STOP,-7.5,-2.2170069690901073,21.96289274433002,0
2023-09-22,2023-09-22 10:35:00+05:30,LONG,HigherLow,19731.5,69.39999999999782,0.4606727132060241,2023-09-28,expiry,2023-09-22 11:55:00+05:30,19771.8,40.29999999999927,TARGET,32.79999999999927,2.0736357846635656,22.566925093968166,0
2023-09-25,2023-09-25 10:40:00+05:30,LONG,HigherLow,19638.2,67.65000000000146,0.2998250176628189,2023-09-28,expiry,2023-09-25 11:10:00+05:30,19612.1,-26.100000000002183,STOP,-7.5,-1.8663092021006378,22.214885818131734,0
2023-09-27,2023-09-27 11:05:00+05:30,LONG,HigherLow,19607.1,49.54999999999927,0.053600097547093266,2023-09-28,expiry,2023-09-27 11:35:00+05:30,19653.15,46.05000000000291,TARGET,38.55000000000291,5.468048139942766,22.79752810842183,0
2023-10-09,2023-10-09 09:55:00+05:30,LONG,HigherLow,19571.3,71.94999999999709,0.1541699794100259,2023-10-12,expiry,2023-10-09 12:15:00+05:30,19535.05,-36.25,STOP,-7.5,-2.646202583398008,24.5930620451727,0
2023-10-10,2023-10-10 10:00:00+05:30,LONG,HigherLow,19603.35,41.35000000000218,0.21802046628744504,2023-10-12,expiry,2023-10-10 12:05:00+05:30,19646.2,42.85000000000218,TARGET,35.35000000000218,3.741515919982703,23.012521243921583,0
2023-10-12,2023-10-12 10:50:00+05:30,LONG,HigherLow,19816.9,42.349999999998545,0.2147518591592084,2023-10-12,expiry,2023-10-12 15:00:00+05:30,19782.55,-34.35000000000218,STOP,-7.5,-22.669555874459547,22.669555874459547,0
2023-10-16,2023-10-16 09:55:00+05:30,LONG,HigherLow,19730.05,51.29999999999927,0.4057584630530844,2023-10-19,expiry,2023-10-16 11:40:00+05:30,19773.25,43.20000000000073,TARGET,35.70000000000073,3.070912793134994,21.66415540086018,0
2023-10-18,2023-10-18 09:55:00+05:30,LONG,HigherLow,19813.65,49.10000000000218,0.12850749879051765,2023-10-19,expiry,2023-10-18 10:40:00+05:30,19787.5,-26.150000000001455,STOP,-7.5,-3.0301831469651006,23.609190084274815,0
2023-10-23,2023-10-23 10:00:00+05:30,LONG,HigherLow,19541.6,37.19999999999709,0.003582000956909693,2023-10-26,expiry,2023-10-23 10:05:00+05:30,19510.3,-31.299999999999272,STOP,-7.5,-2.2261962809543547,22.45571297162587,0
2023-11-06,2023-11-06 10:00:00+05:30,LONG,HigherLow,19349.8,43.25,0.07354087625384052,2023-11-09,expiry,2023-11-06 11:00:00+05:30,19324.6,-25.200000000000728,STOP,-7.5,-1.8425047326800268,23.025611567943997,0
2023-11-13,2023-11-13 09:55:00+05:30,LONG,HigherLow,19463.1,50.0,0.12150046681758304,2023-11-16,expiry,2023-11-13 10:20:00+05:30,19424.0,-39.099999999998545,STOP,-7.5,-2.8238768267083287,23.99770949805861,0
2023-11-16,2023-11-16 10:10:00+05:30,LONG,HigherLow,19713.75,71.70000000000073,0.12263757289556237,2023-11-16,expiry,2023-11-16 11:00:00+05:30,19762.55,48.79999999999927,TARGET,41.29999999999927,13.397432957606725,21.96139488290646,0
2023-11-22,2023-11-22 10:10:00+05:30,LONG,HigherLow,19816.05,44.29999999999927,0.05614311943309886,2023-11-23,expiry,2023-11-22 11:40:00+05:30,19789.2,-26.849999999998545,STOP,-7.5,-3.178740942015793,23.88087384768005,0
2023-11-23,2023-11-23 10:05:00+05:30,LONG,HigherLow,19846.4,46.64999999999782,0.14557217953901774,2023-11-23,expiry,2023-11-23 10:15:00+05:30,19818.8,-27.600000000002183,STOP,-7.5,-6.376522555754491,17.58673352083497,0
2023-11-28,2023-11-28 10:25:00+05:30,LONG,HigherLow,19815.35,40.349999999998545,0.09616549551732127,2023-11-30,expiry,2023-11-28 14:20:00+05:30,19865.8,50.45000000000073,TARGET,42.5,4.457447599621446,24.054459190876514,0
2023-11-29,2023-11-29 10:05:00+05:30,LONG,HigherLow,20011.3,49.5,0.3124267749746153,2023-11-30,expiry,2023-11-29 13:40:00+05:30,20056.6,45.29999999999927,TARGET,37.79999999999927,5.3926450023518555,23.35095163297956,0
2023-11-30,2023-11-30 10:40:00+05:30,LONG,HigherLow,20098.6,41.650000000001455,0.6032072605129515,2023-11-30,expiry,2023-11-30 11:10:00+05:30,20065.8,-32.79999999999927,STOP,-7.5,-8.166663836516818,17.847223875469354,0
2023-12-01,2023-12-01 09:55:00+05:30,LONG,HigherLow,20254.45,53.89999999999782,0.1268120446577318,2023-12-07,expiry,2023-12-04 09:15:00+05:30,20530.55,276.09999999999854,TARGET,42.5,16.69083786286683,23.77436810285144,3
2023-12-08,2023-12-08 09:55:00+05:30,LONG,HigherLow,20991.7,43.650000000001455,0.09482906881199567,2023-12-14,expiry,2023-12-08 11:00:00+05:30,20950.25,-41.45000000000073,STOP,-7.5,-2.0017284833265876,23.195260492944726,0
2023-12-12,2023-12-12 09:55:00+05:30,LONG,HigherLow,21028.85,30.649999999997817,0.13927775896362432,2023-12-14,expiry,2023-12-12 10:10:00+05:30,21003.85,-25.0,STOP,-7.5,-1.9721880304696242,21.186073562714228,0
2023-12-14,2023-12-14 09:55:00+05:30,LONG,HigherLow,21185.15,67.30000000000291,0.012422508630053128,2023-12-14,expiry,2023-12-14 10:15:00+05:30,21156.25,-28.900000000001455,STOP,-7.5,-5.997794119315131,15.600237374934295,0
2023-12-15,2023-12-15 10:05:00+05:30,LONG,HigherLow,21320.4,62.650000000001455,0.38061808397755864,2023-12-21,expiry,2023-12-15 10:50:00+05:30,21293.65,-26.75,STOP,-7.5,-1.2788315432953823,24.58546347202173,0
2023-12-22,2023-12-22 10:05:00+05:30,LONG,HigherLow,21346.15,58.5,1.174292037396685,2023-12-28,expiry,2023-12-22 12:30:00+05:30,21304.35,-41.80000000000291,STOP,-7.5,-2.002933437577667,23.43217166863542,0
2023-12-26,2023-12-26 10:00:00+05:30,LONG,HigherLow,21417.05,59.05000000000291,0.1664643580791597,2023-12-28,expiry,2023-12-26 10:35:00+05:30,21465.25,48.20000000000073,TARGET,40.70000000000073,3.8245898723507707,24.253354227126692,0
2023-12-27,2023-12-27 09:55:00+05:30,LONG,HigherLow,21561.7,60.20000000000073,0.419607586168151,2023-12-28,expiry,2023-12-27 13:00:00+05:30,21534.2,-27.5,STOP,-7.5,-3.1097189191632424,23.508282737961053,0
2023-12-29,2023-12-29 10:20:00+05:30,LONG,HigherLow,21712.25,56.150000000001455,0.3117660603269663,2024-01-04,expiry,2023-12-29 14:20:00+05:30,21677.3,-34.95000000000073,STOP,-7.5,-1.6627001549713896,24.2074196156409,0
2024-01-04,2024-01-04 10:00:00+05:30,LONG,HigherLow,21618.1,55.04999999999927,0.623006218520745,2024-01-04,expiry,2024-01-04 12:20:00+05:30,21662.95,44.85000000000218,TARGET,37.35000000000218,12.939807907284376,23.299000036705365,0
2024-01-09,2024-01-09 10:00:00+05:30,LONG,HigherLow,21635.0,69.25,1.0874763192260295,2024-01-11,expiry,2024-01-09 10:20:00+05:30,21689.45,54.45000000000073,TARGET,42.5,4.259377230790051,21.759940018322595,0
2024-01-12,2024-01-12 09:55:00+05:30,LONG,HigherLow,21754.85,69.5,0.10351346366654707,2024-01-18,expiry,2024-01-12 10:05:00+05:30,21814.05,59.20000000000073,TARGET,42.5,2.7626281429456867,23.863851938747757,0
2024-01-15,2024-01-15 10:25:00+05:30,LONG,HigherLow,22025.3,60.54999999999927,0.6174923244027765,2024-01-18,expiry,2024-01-15 12:20:00+05:30,22068.2,42.900000000001455,TARGET,35.400000000001455,2.7364291385256365,21.683734732403536,0
2024-01-16,2024-01-16 10:10:00+05:30,LONG,HigherLow,22100.65,51.75,0.2598268274600194,2024-01-18,expiry,2024-01-16 12:05:00+05:30,22069.75,-30.900000000001455,STOP,-7.5,-2.42373747059537,23.01331213697813,0
2024-02-08,2024-02-08 10:30:00+05:30,LONG,HigherLow,21963.4,48.25,0.43683275837432567,2024-02-08,expiry,2024-02-08 10:40:00+05:30,21877.5,-85.90000000000146,STOP,-7.5,-16.732471360266572,22.0860813254003,0
2024-02-14,2024-02-14 09:55:00+05:30,LONG,HigherLow,21600.1,69.0,0.29957118392932824,2024-02-15,expiry,2024-02-14 12:25:00+05:30,21656.8,56.70000000000073,TARGET,42.5,6.110527974415163,22.293492983259057,0
2024-02-16,2024-02-16 09:55:00+05:30,LONG,HigherLow,22006.15,43.75,0.0949487710296659,2024-02-22,expiry,2024-02-16 12:10:00+05:30,22047.4,41.25,TARGET,33.75,1.9132852425700548,23.934502727150175,0
2024-02-20,2024-02-20 10:05:00+05:30,LONG,HigherLow,22090.45,62.10000000000218,0.057909511863529314,2024-02-22,expiry,2024-02-20 10:25:00+05:30,22130.55,40.099999999998545,TARGET,32.599999999998545,3.076497797635966,22.23537460751504,0
2024-02-26,2024-02-26 10:10:00+05:30,LONG,HigherLow,22148.35,56.25,0.4322566173171761,2024-02-29,expiry,2024-02-26 10:25:00+05:30,22119.95,-28.399999999997817,STOP,-7.5,-1.8016847462531587,23.162335005577916,0
2024-03-02,2024-03-02 10:00:00+05:30,LONG,HigherLow,22395.0,51.75,1.2654036819165195,2024-03-07,expiry,2024-03-04 09:45:00+05:30,22360.05,-34.95000000000073,STOP,-7.5,-2.535808375267152,23.336866917275984,2
2024-03-05,2024-03-05 11:40:00+05:30,LONG,HigherLow,22324.7,69.19999999999709,0.014506661905505836,2024-03-07,expiry,2024-03-05 12:50:00+05:30,22387.4,62.70000000000073,TARGET,42.5,4.8524229856247985,24.862268738210332,0
2024-03-20,2024-03-20 11:40:00+05:30,LONG,HigherLow,21844.35,59.5,0.6057927364106757,2024-03-21,expiry,2024-03-20 13:05:00+05:30,21890.9,46.55000000000291,TARGET,39.05000000000291,5.03579848278423,21.634763699787072,0
2024-03-21,2024-03-21 09:55:00+05:30,LONG,HigherLow,22005.5,46.5,0.044405989772875215,2024-03-21,expiry,2024-03-21 10:05:00+05:30,22062.1,56.599999999998545,TARGET,42.5,13.13960242504254,20.40854880768893,0
2024-03-27,2024-03-27 10:00:00+05:30,LONG,HigherLow,22149.65,70.84999999999854,0.3323780407237006,2024-03-28,expiry,2024-03-27 14:05:00+05:30,22190.2,40.54999999999927,TARGET,33.04999999999927,4.296361161628738,22.308286222767492,0
2024-04-03,2024-04-03 09:55:00+05:30,LONG,HigherLow,22392.9,48.150000000001455,0.02448928705006501,2024-04-04,expiry,2024-04-03 10:10:00+05:30,22448.6,55.69999999999709,TARGET,42.5,5.6589530775854655,21.660499306801285,0
2024-04-24,2024-04-24 09:55:00+05:30,LONG,HigherLow,22435.0,31.150390625,0.3833465867452484,2024-04-25,expiry,2024-04-24 14:30:00+05:30,22405.5,-29.5,STOP,-7.5,-3.4506370092112775,20.878295785698356,0
2024-04-30,2024-04-30 09:55:00+05:30,LONG,HigherLow,22745.6,51.3984375,0.7012064220897918,2024-05-02,expiry,2024-04-30 10:05:00+05:30,22707.9,-37.69999999999709,STOP,-7.5,-2.773057037675244,22.695538072439376,0
2024-05-15,2024-05-15 11:00:00+05:30,LONG,HigherLow,22241.6,44.451171875,0.5015154385718499,2024-05-16,expiry,2024-05-15 11:25:00+05:30,22177.7,-63.89999999999782,STOP,-7.5,-6.337292270492071,21.44599348882366,0
2024-05-27,2024-05-27 10:30:00+05:30,LONG,HigherLow,22990.1,79.099609375,0.09267032260174657,2024-05-30,expiry,2024-05-27 11:50:00+05:30,23049.2,59.10000000000218,TARGET,42.5,3.6460997743997723,22.715762240448385,0
2024-07-18,2024-07-18 10:15:00+05:30,LONG,HigherLow,24641.95,70.849609375,0.06012532708589528,2024-07-18,expiry,2024-07-18 10:45:00+05:30,24614.85,-27.100000000002183,STOP,-7.5,-5.687461365780109,17.930342863997794,0
2024-07-31,2024-07-31 09:55:00+05:30,LONG,HigherLow,24914.05,72.599609375,0.00603722051023198,2024-08-01,expiry,2024-07-31 14:25:00+05:30,24958.85,44.79999999999927,TARGET,37.29999999999927,4.358855511045476,23.910868921042493,0
2024-08-07,2024-08-07 10:25:00+05:30,LONG,HigherLow,24268.45,74.548828125,0.64820415135707,2024-08-08,expiry,2024-08-07 10:35:00+05:30,24327.7,59.25,TARGET,42.5,5.5793745809278334,24.29321210127091,0
2024-08-08,2024-08-08 10:25:00+05:30,LONG,HigherLow,24237.45,70.650390625,0.10642341498465806,2024-08-08,expiry,2024-08-08 10:30:00+05:30,24160.25,-77.20000000000073,STOP,-7.5,-11.992713823244003,16.781294853176405,0
2024-08-19,2024-08-19 10:05:00+05:30,LONG,HigherLow,24591.1,62.55078125,0.8397437991409438,2024-08-22,expiry,2024-08-19 10:20:00+05:30,24563.7,-27.399999999997817,STOP,-7.5,-1.5643552370329417,22.916504549659294,0
2024-08-20,2024-08-20 10:05:00+05:30,LONG,HigherLow,24703.35,69.701171875,0.23278452483551562,2024-08-22,expiry,2024-08-20 11:00:00+05:30,24678.25,-25.099999999998545,STOP,-7.5,-1.7418081344385428,23.395384217141327,0
2024-08-21,2024-08-21 10:05:00+05:30,LONG,HigherLow,24708.0,53.599609375,0.09716299305630516,2024-08-22,expiry,2024-08-21 14:50:00+05:30,24750.95,42.95000000000073,TARGET,35.45000000000073,4.195134569972652,23.341000582942797,0
2024-08-29,2024-08-29 09:55:00+05:30,LONG,HigherLow,25098.0,56.599609375,0.056127723890170116,2024-08-29,expiry,2024-08-29 12:00:00+05:30,25072.95,-25.049999999999272,STOP,-7.5,-7.035604554101155,19.43857571227727,0
2024-08-30,2024-08-30 09:55:00+05:30,LONG,HigherLow,25225.35,53.25,0.485111881863063,2024-09-05,expiry,2024-09-02 09:15:00+05:30,25312.95,87.60000000000218,TARGET,42.5,4.1560780013751355,22.808996214378567,3
2024-09-04,2024-09-04 09:55:00+05:30,LONG,HigherLow,25127.45,49.298828125,0.1759952828838476,2024-09-05,expiry,2024-09-04 10:30:00+05:30,25101.15,-26.299999999999272,STOP,-7.5,-2.3597728648055636,20.63224220392476,0
2024-09-10,2024-09-10 10:55:00+05:30,LONG,HigherLow,24969.6,57.201171875,0.4787805357234043,2024-09-12,expiry,2024-09-10 11:55:00+05:30,25024.55,54.95000000000073,TARGET,42.5,3.786961907768273,24.51387554048597,0
2024-09-24,2024-09-24 09:55:00+05:30,LONG,HigherLow,25963.65,72.201171875,0.22262674924091352,2024-09-26,expiry,2024-09-24 11:15:00+05:30,25937.9,-25.75,STOP,-7.5,-1.7076391335267544,24.14136243538087,0
2024-09-26,2024-09-26 09:55:00+05:30,LONG,HigherLow,26045.95,57.599609375,0.4403598713112112,2024-09-26,expiry,2024-09-26 12:00:00+05:30,26091.65,45.70000000000073,TARGET,38.20000000000073,9.880854345098669,19.23654591925242,0
2024-09-27,2024-09-27 10:15:00+05:30,LONG,HigherLow,26261.9,41.650390625,0.6892784063406358,2024-10-03,expiry,2024-09-27 11:05:00+05:30,26223.7,-38.20000000000073,STOP,-7.5,-1.4831825762557855,24.29723439107147,0
2024-10-09,2024-10-09 10:10:00+05:30,LONG,HigherLow,25171.0,50.69921875,0.8348063714528909,2024-10-10,expiry,2024-10-09 10:15:00+05:30,25137.6,-33.400000000001455,STOP,-7.5,-3.0315959049985395,24.549665824051772,0
2024-10-10,2024-10-10 10:00:00+05:30,LONG,HigherLow,25068.55,72.69921875,0.18451746925475349,2024-10-10,expiry,2024-10-10 10:10:00+05:30,25116.95,48.400000000001455,TARGET,40.900000000001455,9.966651486121918,23.615448442091292,0
2024-12-06,2024-12-06 10:25:00+05:30,LONG,HigherLow,24721.15,59.951171875,0.661798011707214,2024-12-12,expiry,2024-12-06 10:35:00+05:30,24694.55,-26.600000000002183,STOP,-7.5,-1.0962644415249088,24.646444302461532,0
2024-12-10,2024-12-10 10:00:00+05:30,LONG,HigherLow,24660.65,61.94921875,0.03308607445738402,2024-12-12,expiry,2024-12-10 10:35:00+05:30,24616.05,-44.60000000000218,STOP,-7.5,-3.067742076484137,23.89543249088274,0
2024-12-27,2024-12-27 09:55:00+05:30,LONG,HigherLow,23918.4,63.25,0.06519562219004167,2025-01-02,expiry,2024-12-27 11:00:00+05:30,23887.75,-30.650000000001455,STOP,-7.5,-1.3069983854729799,24.52419250609819,0
2025-01-14,2025-01-14 10:10:00+05:30,LONG,HigherLow,23156.2,77.1484375,0.46000667730713063,2025-01-16,expiry,2025-01-14 10:45:00+05:30,23206.35,50.14999999999782,TARGET,42.5,3.689253860788085,23.504016894130473,0
2025-01-16,2025-01-16 10:20:00+05:30,LONG,HigherLow,23316.5,75.900390625,0.09612381481205207,2025-01-16,expiry,2025-01-16 10:50:00+05:30,23287.0,-29.5,STOP,-7.5,-6.956283280549542,23.001209815334732,0
2025-01-30,2025-01-30 10:00:00+05:30,LONG,HigherLow,23244.4,76.3515625,0.6490277611907921,2025-01-30,expiry,2025-01-30 10:20:00+05:30,23292.1,47.69999999999709,TARGET,40.19999999999709,10.691401639760443,18.212488051845867,0
2025-01-31,2025-01-31 10:00:00+05:30,LONG,HigherLow,23393.05,78.25,0.5543926282397148,2025-02-06,expiry,2025-01-31 10:05:00+05:30,23338.15,-54.89999999999782,STOP,-7.5,-2.367069358142544,23.41786248991957,0
2025-02-05,2025-02-05 10:30:00+05:30,LONG,HigherLow,23767.1,57.30078125,0.8413460120565927,2025-02-06,expiry,2025-02-05 11:05:00+05:30,23731.05,-36.04999999999927,STOP,-7.5,-3.507122524710212,24.14860907631737,0
2025-05-05,2025-05-05 09:55:00+05:30,LONG,HigherLow,24503.65,77.25,0.0071965142456577695,2025-05-08,expiry,2025-05-05 10:20:00+05:30,24477.05,-26.600000000002183,STOP,-7.5,-1.531276101979529,23.631070933091905,0
2025-06-11,2025-06-11 09:55:00+05:30,LONG,HigherLow,25145.7,69.099609375,0.4149490813369965,2025-06-12,expiry,2025-06-11 11:15:00+05:30,25193.05,47.349999999998545,TARGET,39.849999999998545,4.325298850681065,22.263197565755036,0
2025-07-09,2025-07-09 09:55:00+05:30,LONG,HigherLow,25517.4,53.00078125000073,0.37459082104166863,2025-07-10,expiry,2025-07-09 13:00:00+05:30,25490.5,-26.900000000001455,STOP,-7.5,-2.562354550595046,24.233784638452562,0
2025-07-17,2025-07-17 11:20:00+05:30,LONG,HigherLow,25178.85,60.849609375,0.007740689836074479,2025-07-17,expiry,2025-07-17 14:15:00+05:30,25146.35,-32.5,STOP,-7.5,-12.090036523162382,14.508511346268278,0
2025-07-24,2025-07-24 10:30:00+05:30,LONG,HigherLow,25180.2,67.349609375,0.2778528152492538,2025-07-24,expiry,2025-07-24 11:10:00+05:30,25148.45,-31.75,STOP,-7.5,-6.36587431630187,15.57668208512041,0
2025-08-20,2025-08-20 10:05:00+05:30,LONG,HigherLow,24985.0,54.05078125,0.3951187547820161,2025-08-21,expiry,2025-08-20 11:10:00+05:30,25028.05,43.04999999999927,TARGET,35.54999999999927,3.9268537388743425,21.27295711832994,0
2025-09-02,2025-09-02 09:55:00+05:30,LONG,HigherLow,24724.45,64.25,0.7841981744815247,2025-09-02,expiry,2025-09-02 13:20:00+05:30,24686.15,-38.29999999999927,STOP,-7.5,-11.92085712717153,24.847760084479887,0
2025-09-09,2025-09-09 10:30:00+05:30,LONG,HigherLow,24831.85,47.6015625,0.04596134903008472,2025-09-09,expiry,2025-09-09 14:10:00+05:30,24873.75,41.900000000001455,TARGET,34.400000000001455,8.685923788520086,15.782038522539551,0
2025-09-16,2025-09-16 10:00:00+05:30,LONG,HigherLow,25171.1,69.951171875,0.19587000171138896,2025-09-16,expiry,2025-09-16 14:35:00+05:30,25228.75,57.650000000001455,TARGET,42.5,25.848697771107254,24.151302228892746,0
2025-10-06,2025-10-06 10:15:00+05:30,LONG,HigherLow,24970.45,65.548828125,0.5470584662326485,2025-10-07,expiry,2025-10-06 11:10:00+05:30,25014.8,44.349999999998545,TARGET,36.849999999998545,4.114485877356856,24.495812412147643,0
2025-10-07,2025-10-07 09:55:00+05:30,LONG,HigherLow,25180.75,71.849609375,0.6260867329493717,2025-10-07,expiry,2025-10-07 10:55:00+05:30,25155.45,-25.299999999999272,STOP,-7.5,-5.473034366526917,16.133784955060037,0
2025-11-19,2025-11-19 10:00:00+05:30,LONG,HigherLow,25927.15,77.45000000000073,0.4884366185275367,2025-11-25,expiry,2025-11-19 10:20:00+05:30,25967.25,40.099999999998545,TARGET,32.599999999998545,1.5687472960889863,22.932343054246303,0
2025-11-21,2025-11-21 11:15:00+05:30,LONG,HigherLow,26099.55,79.54999999999927,0.24988424198592118,2025-11-25,expiry,2025-11-21 12:20:00+05:30,26157.55,58.0,TARGET,42.5,2.764813058405707,23.63048746622735,0
2025-12-02,2025-12-02 10:25:00+05:30,LONG,HigherLow,26078.8,77.14999999999782,0.5692134711955517,2025-12-02,expiry,2025-12-02 11:50:00+05:30,26053.25,-25.549999999999272,STOP,-7.5,-6.249323161295251,15.675530208974124,0
2025-12-05,2025-12-05 10:10:00+05:30,LONG,HigherLow,26078.55,76.60000000000218,0.13567163231255666,2025-12-09,expiry,2025-12-05 10:25:00+05:30,26040.75,-37.79999999999927,STOP,-7.5,-1.7727233398181852,22.64586769143898,0
2026-01-01,2026-01-01 10:05:00+05:30,LONG,HigherLow,26165.85,46.099999999998545,0.6576553508618221,2026-01-06,expiry,2026-01-01 10:15:00+05:30,26132.15,-33.69999999999709,STOP,-7.5,-1.4294591595535167,24.432933444710216,0
2026-01-16,2026-01-16 09:55:00+05:30,LONG,HigherLow,25739.25,64.84999999999854,0.08012148834924109,2026-01-20,expiry,2026-01-16 10:10:00+05:30,25784.95,45.70000000000073,TARGET,38.20000000000073,2.187312247719092,23.12897956270899,0
2026-02-18,2026-02-18 10:55:00+05:30,LONG,HigherLow,25703.2,62.0,0.30443151656040857,2026-02-24,expiry,2026-02-18 13:20:00+05:30,25744.85,41.64999999999782,TARGET,34.14999999999782,1.6600231374504801,23.940610703162747,0
2026-06-02,2026-06-02 09:55:00+05:30,LONG,HigherLow,23316.2,78.0,1.1638377475744544,2026-06-02,expiry,2026-06-02 10:10:00+05:30,23281.45,-34.75,STOP,-7.5,-7.574226439060112,23.005631915591948,0
2026-06-11,2026-06-11 10:15:00+05:30,LONG,HigherLow,23180.7,76.54999999999927,0.07682722911946605,2026-06-16,expiry,2026-06-11 11:25:00+05:30,23235.45,54.75,TARGET,42.5,2.6200974454714014,22.70448394822597,0
2026-06-22,2026-06-22 09:55:00+05:30,LONG,HigherLow,24141.15,69.34999999999854,0.21466204274900794,2026-06-23,expiry,2026-06-22 13:05:00+05:30,24112.5,-28.650000000001455,STOP,-7.5,-2.9585342874106573,21.72959686167087,0
2026-06-25,2026-06-25 09:55:00+05:30,LONG,HigherLow,24176.65,61.900000000001455,0.9133964817320795,2026-06-30,expiry,2026-06-25 11:55:00+05:30,24236.55,59.89999999999782,TARGET,42.5,2.7467355654189305,22.6092260035839,0
2021-07-05,2021-07-05 10:00:00+05:30,SHORT,LowerHigh,15810.3999,58.0,0.13432367481298751,2021-07-08,same_day,2021-07-05 15:10:00+05:30,15839.0,-28.600099999999657,STOP,-7.5,-2.6860086399883585,21.988909940813755,0
2021-07-08,2021-07-08 09:55:00+05:30,SHORT,LowerHigh,15847.7,35.800100000000384,0.39958271425410635,2021-07-08,same_day,2021-07-08 11:55:00+05:30,15806.5,41.20000000000073,TARGET,33.70000000000073,14.361220679721555,17.857422497308107,0
2021-07-16,2021-07-16 10:05:00+05:30,SHORT,LowerHigh,15929.0,32.20000000000073,0.31886606968434245,2021-07-22,same_day,2021-07-16 14:05:00+05:30,15886.1,42.899999999999636,TARGET,35.399999999999636,2.765951106497596,24.939309533509004,0
2021-08-04,2021-08-04 10:10:00+05:30,SHORT,LowerHigh,16251.6,78.60000000000036,1.1015253344701743,2021-08-05,same_day,2021-08-04 10:25:00+05:30,16277.5,-25.899999999999636,STOP,-7.5,-3.5307005104459677,21.36087176449837,0
2021-08-23,2021-08-23 09:55:00+05:30,SHORT,LowerHigh,16501.0,65.2000999999982,0.0,2021-08-26,same_day,2021-08-23 10:30:00+05:30,16429.0996,71.90039999999863,TARGET,42.5,6.140753114927065,22.919807549445977,0
2021-08-26,2021-08-26 11:05:00+05:30,SHORT,LowerHigh,16660.7999,52.70000000000073,0.14017048865410836,2021-08-26,same_day,2021-08-26 12:45:00+05:30,16618.2,42.59990000000107,TARGET,35.09990000000107,14.488584609982809,13.437711119213873,0
2021-09-17,2021-09-17 11:15:00+05:30,SHORT,LowerHigh,17738.2,57.900000000001455,0.4638684556383163,2021-09-23,same_day,2021-09-17 11:35:00+05:30,17682.2999,55.90009999999893,TARGET,42.5,3.2183040906002134,24.43387650167824,0
2021-09-27,2021-09-27 09:55:00+05:30,SHORT,LowerHigh,17888.2999,51.79999999999927,7.2373672949327865,2021-09-30,same_day,2021-09-27 10:40:00+05:30,17836.5,51.7999000000018,TARGET,42.5,4.091201089855531,24.09114556987879,0
2021-09-29,2021-09-29 10:00:00+05:30,SHORT,LowerHigh,17654.5999,62.10009999999966,0.596468249328612,2021-09-30,same_day,2021-09-29 10:15:00+05:30,17683.2,-28.600099999999657,STOP,-7.5,-3.576089919974038,21.279197215240856,0
2021-10-05,2021-10-05 10:30:00+05:30,SHORT,LowerHigh,17691.5,52.94919999999911,0.5076483418159343,2021-10-07,same_day,2021-10-05 12:40:00+05:30,17731.6504,-40.150399999998626,STOP,-7.5,-3.9169991493845373,23.525522880054268,0
2021-10-06,2021-10-06 10:05:00+05:30,SHORT,LowerHigh,17845.5996,40.650399999998626,0.9481491762434775,2021-10-07,same_day,2021-10-06 10:15:00+05:30,17793.8008,51.79880000000048,TARGET,42.5,6.617160527219312,22.453516517036405,0
2021-10-19,2021-10-19 10:00:00+05:30,SHORT,LowerHigh,18497.4004,53.25,0.006490793022286799,2021-10-21,same_day,2021-10-19 10:05:00+05:30,18407.6504,89.75,TARGET,42.5,8.155511052270413,23.061845876164625,0
2021-11-11,2021-11-11 10:00:00+05:30,SHORT,LowerHigh,17889.6504,51.45119999999952,0.2457141058409585,2021-11-11,same_day,2021-11-11 10:25:00+05:30,17837.6992,51.95119999999952,TARGET,42.5,14.893505484033085,20.81644581281944,0
2021-11-15,2021-11-15 09:55:00+05:30,SHORT,LowerHigh,18176.5,60.150400000002264,3.8980287525375905,2021-11-18,same_day,2021-11-15 10:15:00+05:30,18136.1992,40.30080000000089,TARGET,32.80080000000089,3.124507681477553,25.02369270715826,0
2021-11-26,2021-11-26 09:55:00+05:30,SHORT,LowerHigh,17233.25,71.75,0.7975942489135727,2021-12-02,same_day,2021-11-26 10:20:00+05:30,17173.3008,59.94919999999911,TARGET,42.5,3.532617384636069,24.70812020053836,0
2021-12-13,2021-12-13 10:05:00+05:30,SHORT,LowerHigh,17627.4492,36.70119999999952,0.056033003775465696,2021-12-16,same_day,2021-12-13 10:15:00+05:30,17581.3008,46.14839999999822,TARGET,38.64839999999822,3.6852886879778453,24.943703534047927,0
2021-12-30,2021-12-30 11:35:00+05:30,SHORT,LowerHigh,17211.5508,73.69919999999911,0.1838018376188504,2021-12-30,same_day,2021-12-30 12:00:00+05:30,17237.6992,-26.14839999999822,STOP,-7.5,-6.8893269727092274,12.955476801416353,0
2022-01-05,2022-01-05 10:25:00+05:30,SHORT,LowerHigh,17824.25,79.5,0.768203468221072,2022-01-06,same_day,2022-01-05 12:05:00+05:30,17852.4004,-28.150399999998626,STOP,-7.5,-3.5994107456181155,18.829215265008315,0
2022-01-10,2022-01-10 10:40:00+05:30,SHORT,LowerHigh,17940.75,72.34959999999774,0.0,2022-01-13,same_day,2022-01-10 11:00:00+05:30,17966.0996,-25.349600000001374,STOP,-7.5,-1.9969028277964753,23.89494428245871,0
2022-01-20,2022-01-20 09:55:00+05:30,SHORT,LowerHigh,17866.4492,74.55080000000089,0.982280346828401,2022-01-20,same_day,2022-01-20 10:40:00+05:30,17824.9004,41.54880000000048,TARGET,34.04880000000048,11.314779652697325,13.748502170838037,0
2022-02-01,2022-02-01 11:35:00+05:30,SHORT,LowerHigh,17511.8496,71.94920000000275,0.2103753241796026,2022-02-03,same_day,2022-02-01 11:45:00+05:30,17546.9004,-35.05079999999725,STOP,-7.5,-3.335398495292793,21.50299133790668,0
2022-02-02,2022-02-02 10:10:00+05:30,SHORT,LowerHigh,17722.9004,55.80080000000089,0.40952297601465104,2022-02-03,same_day,2022-02-02 11:45:00+05:30,17750.9004,-28.0,STOP,-7.5,-3.578679418206775,18.98745142901771,0
2022-02-03,2022-02-03 10:10:00+05:30,SHORT,LowerHigh,17710.1992,71.84959999999774,0.5345440675811292,2022-02-03,same_day,2022-02-03 11:35:00+05:30,17669.3496,40.849599999997736,TARGET,33.349599999997736,11.947606312379776,15.02392307974651,0
2022-02-11,2022-02-11 09:55:00+05:30,SHORT,LowerHigh,17353.6504,73.0,0.2813851051455868,2022-02-17,same_day,2022-02-11 11:00:00+05:30,17310.6992,42.95119999999952,TARGET,35.45119999999952,2.5200911106794592,23.51634827822363,0
2022-02-23,2022-02-23 10:05:00+05:30,SHORT,LowerHigh,17152.4492,60.05079999999725,1.2698326633262982,2022-02-24,same_day,2022-02-23 11:15:00+05:30,17178.9004,-26.451199999999517,STOP,-7.5,-3.529824092071067,21.446371004851244,0
2022-04-13,2022-04-13 09:55:00+05:30,SHORT,LowerHigh,17602.8008,77.5,0.3502992712545086,2022-04-18,same_day,2022-04-13 10:10:00+05:30,17552.5996,50.20119999999952,TARGET,42.5,3.1665391330679995,23.426561976728408,0
2022-04-18,2022-04-18 10:10:00+05:30,SHORT,LowerHigh,17153.25,76.55080000000089,0.7619338573074979,2022-04-21,same_day,2022-04-18 12:30:00+05:30,17111.9004,41.349600000001374,TARGET,33.849600000001374,3.4191160414129627,22.815508238225448,0
2022-04-21,2022-04-21 09:55:00+05:30,SHORT,LowerHigh,17247.1992,41.85160000000178,0.6104386852642284,2022-04-21,same_day,2022-04-21 10:50:00+05:30,17282.6992,-35.5,STOP,-7.5,-9.811091453655763,18.53115239134968,0
2022-04-29,2022-04-29 09:55:00+05:30,SHORT,LowerHigh,17269.0,47.19919999999911,0.23270019488641322,2022-05-05,same_day,2022-04-29 10:20:00+05:30,17295.25,-26.25,STOP,-7.5,-1.5304699476564565,22.60689525075486,0
2022-05-25,2022-05-25 09:55:00+05:30,SHORT,LowerHigh,16134.8496,63.75,0.539579866809818,2022-05-26,same_day,2022-05-25 11:10:00+05:30,16164.7002,-29.85059999999976,STOP,-7.5,-4.2570404349253295,23.696491123857413,0
2022-05-27,2022-05-27 09:55:00+05:30,SHORT,LowerHigh,16311.75,52.89940000000024,0.60167898168271,2022-06-02,same_day,2022-05-27 10:00:00+05:30,16259.0996,52.650400000000445,TARGET,42.5,3.2823394223896685,22.905769849498938,0
2022-06-03,2022-06-03 10:10:00+05:30,SHORT,LowerHigh,16754.3008,41.94919999999911,0.9449903148048815,2022-06-09,same_day,2022-06-03 12:30:00+05:30,16711.4492,42.85160000000178,TARGET,35.35160000000178,2.6086297012416253,23.41538951299026,0
2022-06-16,2022-06-16 09:55:00+05:30,SHORT,LowerHigh,15768.7002,76.0,0.2946713924694411,2022-06-16,same_day,2022-06-16 10:40:00+05:30,15713.3496,55.35059999999976,TARGET,42.5,17.121453975690656,11.939649743703285,0
2022-07-22,2022-07-22 10:15:00+05:30,SHORT,LowerHigh,16634.3008,50.70119999999952,0.5219822364088958,2022-07-28,same_day,2022-07-22 11:45:00+05:30,16668.0996,-33.79880000000048,STOP,-7.5,-2.074059487473278,24.62548355274521,0
2022-07-25,2022-07-25 09:55:00+05:30,SHORT,LowerHigh,16612.5508,70.5,0.3184082826918802,2022-07-28,same_day,2022-07-25 11:10:00+05:30,16568.1504,44.400400000002264,TARGET,36.900400000002264,3.766094788610644,21.96027531501295,0
2022-08-02,2022-08-02 09:55:00+05:30,SHORT,LowerHigh,17240.6504,60.5,0.5167347367882973,2022-08-04,same_day,2022-08-02 10:35:00+05:30,17266.5,-25.849600000001374,STOP,-7.5,-2.5419044885811672,23.577082346926545,0
2022-08-04,2022-08-04 10:00:00+05:30,SHORT,LowerHigh,17459.6992,41.55080000000089,0.2515981958874224,2022-08-04,same_day,2022-08-04 10:35:00+05:30,17416.5508,43.14839999999822,TARGET,35.64839999999822,12.510691392426452,15.16414194630488,0
2022-08-08,2022-08-08 09:55:00+05:30,SHORT,LowerHigh,17425.75,74.65039999999863,0.1985783644970157,2022-08-11,same_day,2022-08-08 10:25:00+05:30,17451.8496,-26.099600000001374,STOP,-7.5,-2.115105482771469,25.079351084505106,0
2022-08-12,2022-08-12 10:35:00+05:30,SHORT,LowerHigh,17657.5508,61.75,0.4121580900219214,2022-08-18,same_day,2022-08-12 11:05:00+05:30,17683.25,-25.69919999999911,STOP,-7.5,-1.4766885409571842,23.316277946778428,0
2022-08-18,2022-08-18 10:25:00+05:30,SHORT,LowerHigh,17898.6992,61.5,0.3408321434321611,2022-08-18,same_day,2022-08-18 14:30:00+05:30,17924.6992,-26.0,STOP,-7.5,-18.04498142103421,18.04498142103421,0
2022-09-12,2022-09-12 10:30:00+05:30,SHORT,LowerHigh,17937.9492,52.54880000000048,0.5247278109221307,2022-09-15,same_day,2022-09-12 12:00:00+05:30,17963.0996,-25.150400000002264,STOP,-7.5,-2.005172890054382,24.117248238986576,0
2022-09-13,2022-09-13 10:05:00+05:30,SHORT,LowerHigh,18051.1992,38.75,0.2277700663248547,2022-09-15,same_day,2022-09-13 12:55:00+05:30,18076.3496,-25.150400000002264,STOP,-7.5,-2.459518678758286,22.6537797867868,0
2022-10-13,2022-10-13 10:10:00+05:30,SHORT,LowerHigh,17029.0508,58.400399999998626,0.607909848062008,2022-10-13,same_day,2022-10-13 11:45:00+05:30,16984.1992,44.85160000000178,TARGET,37.35160000000178,14.833587402955345,23.785564293780226,0
2022-10-18,2022-10-18 10:40:00+05:30,SHORT,LowerHigh,17497.0996,65.75,1.0250921083900841,2022-10-20,same_day,2022-10-18 14:35:00+05:30,17452.0508,45.04880000000048,TARGET,37.54880000000048,4.4768221507292765,22.960194651517668,0
2022-10-19,2022-10-19 09:55:00+05:30,SHORT,LowerHigh,17569.3496,46.20119999999952,0.29732406279120566,2022-10-20,same_day,2022-10-19 10:25:00+05:30,17597.5996,-28.25,STOP,-7.5,-3.478308144697621,19.403391658197506,0
2022-10-27,2022-10-27 09:55:00+05:30,SHORT,LowerHigh,17745.4492,35.5,0.9301864442900822,2022-10-27,same_day,2022-10-27 12:15:00+05:30,17701.4004,44.04880000000048,TARGET,36.54880000000048,14.403496827144409,19.184238379217277,0
2022-10-28,2022-10-28 09:55:00+05:30,SHORT,LowerHigh,17799.4492,64.84959999999774,0.0703377320787843,2022-11-03,same_day,2022-10-28 10:10:00+05:30,17833.1992,-33.75,STOP,-7.5,-1.916966801632043,23.79811725638683,0
2022-11-04,2022-11-04 09:55:00+05:30,SHORT,LowerHigh,18034.9004,61.30080000000089,0.43521637624414605,2022-11-10,same_day,2022-11-04 12:30:00+05:30,18061.9492,-27.048800000000483,STOP,-7.5,-1.5408663474891,24.636688707834765,0
2022-11-09,2022-11-09 10:00:00+05:30,SHORT,LowerHigh,18223.6992,75.59959999999774,0.04612626463683406,2022-11-10,same_day,2022-11-09 11:35:00+05:30,18181.0,42.69919999999911,TARGET,35.19919999999911,5.2399354064500585,19.069431015747796,0
2022-11-14,2022-11-14 10:05:00+05:30,SHORT,LowerHigh,18351.8496,59.75,0.4539711740191284,2022-11-17,same_day,2022-11-14 15:15:00+05:30,18323.8496,28.0,HARD_1515,20.5,2.151839986819141,23.075113701835107,0
2022-11-15,2022-11-15 10:15:00+05:30,SHORT,LowerHigh,18308.9004,54.04880000000048,0.30555712096912424,2022-11-17,same_day,2022-11-15 12:50:00+05:30,18339.5,-30.599600000001374,STOP,-7.5,-2.9158273466509854,21.97373175424127,0
2022-11-23,2022-11-23 10:10:00+05:30,SHORT,LowerHigh,18270.0996,49.95119999999952,0.3979811949847853,2022-11-24,same_day,2022-11-23 14:40:00+05:30,18301.75,-31.650399999998626,STOP,-7.5,-4.418690805445294,19.50088099727509,0
2022-12-01,2022-12-01 09:55:00+05:30,SHORT,LowerHigh,18842.8496,42.79880000000048,0.8120500517908075,2022-12-01,same_day,2022-12-01 13:30:00+05:30,18801.3496,41.5,TARGET,34.0,14.82825711438727,20.19141540325745,0
2022-12-02,2022-12-02 10:10:00+05:30,SHORT,LowerHigh,18703.75,66.05080000000089,0.3762197494681684,2022-12-08,same_day,2022-12-02 11:35:00+05:30,18662.5996,41.150399999998626,TARGET,33.650399999998626,2.2424843863273054,23.630399339420364,0
2022-12-07,2022-12-07 10:30:00+05:30,SHORT,LowerHigh,18651.5,45.0,0.25348791029372963,2022-12-08,same_day,2022-12-07 10:50:00+05:30,18579.6992,71.80080000000089,TARGET,42.5,8.819322717734394,21.82564609590554,0
2022-12-08,2022-12-08 10:35:00+05:30,SHORT,LowerHigh,18579.0,44.05080000000089,0.4683701079920752,2022-12-08,same_day,2022-12-08 14:15:00+05:30,18604.5508,-25.55080000000089,STOP,-7.5,-13.413040834895696,23.853284147552586,0
2022-12-09,2022-12-09 10:15:00+05:30,SHORT,LowerHigh,18602.4492,50.849599999997736,0.2345116186822021,2022-12-15,same_day,2022-12-09 10:45:00+05:30,18560.8496,41.599599999997736,TARGET,34.099599999997736,2.2786641339152993,23.692533782970713,0
2022-12-21,2022-12-21 09:55:00+05:30,SHORT,LowerHigh,18378.9492,73.0,0.24835361478913412,2022-12-22,same_day,2022-12-21 12:10:00+05:30,18329.0508,49.89839999999822,TARGET,42.39839999999822,6.33080794451962,24.59614393625452,0
2022-12-23,2022-12-23 09:55:00+05:30,SHORT,LowerHigh,17975.1992,79.35160000000178,0.9519574405337816,2022-12-29,same_day,2022-12-23 10:15:00+05:30,17930.25,44.94919999999911,TARGET,37.44919999999911,2.5399038434607064,25.183730581908094,0
2022-12-28,2022-12-28 10:25:00+05:30,SHORT,LowerHigh,18100.4492,59.30080000000089,0.2553881079773919,2022-12-29,same_day,2022-12-28 10:55:00+05:30,18127.9004,-27.451199999999517,STOP,-7.5,-3.4311065627844073,21.86473288822708,0
2022-12-29,2022-12-29 10:05:00+05:30,SHORT,LowerHigh,17997.3008,50.349599999997736,0.12248109595100086,2022-12-29,same_day,2022-12-29 10:35:00+05:30,18026.5,-29.19919999999911,STOP,-7.5,-7.830289206556245,18.66489432292201,0
2023-01-04,2023-01-04 09:55:00+05:30,SHORT,LowerHigh,18128.3008,79.14839999999822,0.3914596719282899,2023-01-05,same_day,2023-01-04 10:25:00+05:30,18154.1992,-25.89839999999822,STOP,-7.5,-3.2654395962272247,24.670908679308923,0
2023-01-06,2023-01-06 09:55:00+05:30,SHORT,LowerHigh,17970.9004,75.94920000000275,0.564295031830043,2023-01-12,same_day,2023-01-06 10:35:00+05:30,17930.0508,40.849599999997736,TARGET,33.349599999997736,2.3070088135646074,22.600447688570057,0
2023-01-12,2023-01-12 10:05:00+05:30,SHORT,LowerHigh,17846.1504,61.150400000002264,0.20000613693739694,2023-01-12,same_day,2023-01-12 11:10:00+05:30,17800.8496,45.30079999999725,TARGET,37.80079999999725,13.766470476437462,18.93577050258682,0
2023-01-19,2023-01-19 09:55:00+05:30,SHORT,LowerHigh,18098.1992,59.650400000002264,0.49517821458410166,2023-01-19,same_day,2023-01-19 10:55:00+05:30,18127.6504,-29.451199999999517,STOP,-7.5,-8.292340154544718,18.543277821211632,0
2023-01-20,2023-01-20 11:00:00+05:30,SHORT,LowerHigh,18115.5508,45.0,0.16970385237347643,2023-01-27,same_day,2023-01-20 13:40:00+05:30,18075.4492,40.10160000000178,TARGET,32.60160000000178,2.093832597427536,23.09029657182691,0
2023-01-23,2023-01-23 10:40:00+05:30,SHORT,LowerHigh,18137.1504,73.69919999999911,0.4874185892251697,2023-01-27,same_day,2023-01-23 12:55:00+05:30,18094.5508,42.599599999997736,TARGET,35.099599999997736,2.927862304446535,24.330432593205842,0
2023-01-24,2023-01-24 10:00:00+05:30,SHORT,LowerHigh,18159.5996,43.650399999998626,0.0745096881691177,2023-01-27,same_day,2023-01-24 13:30:00+05:30,18110.8008,48.79880000000048,TARGET,41.29880000000048,3.813013374762704,22.454973366479862,0
2023-02-07,2023-02-07 10:10:00+05:30,SHORT,LowerHigh,17750.8008,64.69920000000275,0.31737036661814766,2023-02-09,same_day,2023-02-07 10:35:00+05:30,17778.5996,-27.798800000000483,STOP,-7.5,-2.6334275447452455,22.648370944579256,0
2023-02-13,2023-02-13 09:55:00+05:30,SHORT,LowerHigh,17773.5,78.0,0.0235393642919314,2023-02-16,same_day,2023-02-13 12:15:00+05:30,17728.4004,45.099600000001374,TARGET,37.599600000001374,3.5564956801308654,21.30669612665588,0
2023-02-21,2023-02-21 09:55:00+05:30,SHORT,LowerHigh,17860.1992,66.69920000000275,0.6559865673586905,2023-02-23,same_day,2023-02-21 10:00:00+05:30,17889.0,-28.80080000000089,STOP,-7.5,-2.664139115404396,21.78391535675928,0
2023-02-22,2023-02-22 09:55:00+05:30,SHORT,LowerHigh,17677.3008,59.75,0.35575733647165064,2023-02-23,same_day,2023-02-22 12:25:00+05:30,17630.9492,46.35160000000178,TARGET,38.85160000000178,6.142009975420478,24.789249992146324,0
2023-03-09,2023-03-09 09:55:00+05:30,SHORT,LowerHigh,17694.0,60.70119999999952,0.4854025444716471,2023-03-09,same_day,2023-03-09 12:30:00+05:30,17653.1504,40.849600000001374,TARGET,33.349600000001374,13.715624551094152,19.5735736116294,0
2023-04-11,2023-04-11 10:45:00+05:30,SHORT,LowerHigh,17716.0996,47.55080000000089,0.12389976412907745,2023-04-13,same_day,2023-04-11 12:10:00+05:30,17675.6504,40.44920000000275,TARGET,32.94920000000275,3.8812035207865847,21.168691606085304,0
2023-04-18,2023-04-18 09:55:00+05:30,SHORT,LowerHigh,17682.75,53.69920000000275,0.8895504674466698,2023-04-20,same_day,2023-04-18 13:35:00+05:30,17640.75,42.0,TARGET,34.5,4.129273784875295,24.372690911396603,0
2023-04-21,2023-04-21 09:55:00+05:30,SHORT,LowerHigh,17607.9492,42.05080000000089,0.08333541399739436,2023-04-27,same_day,2023-04-21 13:00:00+05:30,17563.8008,44.14839999999822,TARGET,36.64839999999822,2.554918128036661,23.292656688641728,0
2023-05-18,2023-05-18 09:55:00+05:30,SHORT,LowerHigh,18247.6,57.900000000001455,0.5702045578114319,2023-05-18,same_day,2023-05-18 12:20:00+05:30,18202.85,44.75,TARGET,37.25,14.234872549737702,18.75327418587767,0
2023-05-30,2023-05-30 10:00:00+05:30,SHORT,LowerHigh,18637.3,71.45000000000073,0.15118842696901552,2023-06-01,same_day,2023-05-30 10:55:00+05:30,18595.25,42.04999999999927,TARGET,34.54999999999927,3.8475287869850945,23.995637671620898,0
2023-06-02,2023-06-02 09:55:00+05:30,SHORT,LowerHigh,18503.75,31.799999999999272,0.5032455299955865,2023-06-08,same_day,2023-06-02 11:55:00+05:30,18533.0,-29.25,STOP,-7.5,-1.618595077898135,23.615003082534713,0
2023-06-06,2023-06-06 09:55:00+05:30,SHORT,LowerHigh,18584.85,33.900000000001455,0.07253384912959382,2023-06-08,same_day,2023-06-06 11:50:00+05:30,18541.15,43.69999999999709,TARGET,36.19999999999709,4.033764852593777,24.217010563405893,0
2023-06-15,2023-06-15 11:10:00+05:30,SHORT,LowerHigh,18762.3,55.849999999998545,0.01733832677144351,2023-06-15,same_day,2023-06-15 11:30:00+05:30,18718.25,44.04999999999927,TARGET,36.54999999999927,13.147898789444753,14.057410960767356,0
2023-06-19,2023-06-19 09:55:00+05:30,SHORT,LowerHigh,18838.05,47.25,0.5202074420641739,2023-06-22,same_day,2023-06-19 10:30:00+05:30,18792.95,45.099999999998545,TARGET,37.599999999998545,3.3833610981182574,24.162634317955963,0
2023-07-03,2023-07-03 10:05:00+05:30,SHORT,LowerHigh,19306.7,77.54999999999927,0.5698005698005737,2023-07-06,same_day,2023-07-03 10:25:00+05:30,19332.4,-25.700000000000728,STOP,-7.5,-1.8647232943667404,22.82314694759134,0
2023-07-04,2023-07-04 09:55:00+05:30,SHORT,LowerHigh,19308.65,65.5,0.4328059647208546,2023-07-06,same_day,2023-07-04 10:40:00+05:30,19344.05,-35.39999999999782,STOP,-7.5,-3.0722244706084894,22.16615072854347,0
2023-07-10,2023-07-10 10:00:00+05:30,SHORT,LowerHigh,19387.05,59.04999999999927,0.5012150668286681,2023-07-13,same_day,2023-07-10 10:10:00+05:30,19413.15,-26.100000000002183,STOP,-7.5,-1.8950361902152508,24.262496418654337,0
2023-07-14,2023-07-14 09:55:00+05:30,SHORT,LowerHigh,19454.1,67.94999999999709,0.2751959456686849,2023-07-20,same_day,2023-07-14 11:15:00+05:30,19486.4,-32.30000000000291,STOP,-7.5,-1.6916391891600142,23.673771867084724,0
2023-07-17,2023-07-17 10:25:00+05:30,SHORT,LowerHigh,19603.5,48.45000000000073,0.49580756613117644,2023-07-20,same_day,2023-07-17 12:10:00+05:30,19628.95,-25.450000000000728,STOP,-7.5,-1.8632195764866992,23.083077238987244,0
2023-07-24,2023-07-24 11:35:00+05:30,SHORT,LowerHigh,19735.35,49.79999999999927,0.10403803953951643,2023-07-27,same_day,2023-07-24 11:50:00+05:30,19685.05,50.29999999999927,TARGET,42.5,3.6331986704371957,24.390475248723305,0
2023-07-25,2023-07-25 10:20:00+05:30,SHORT,LowerHigh,19668.75,55.04999999999927,0.4152224604968997,2023-07-27,same_day,2023-07-25 12:30:00+05:30,19701.0,-32.25,STOP,-7.5,-2.833035194592412,21.343033438365637,0
2023-07-27,2023-07-27 10:35:00+05:30,SHORT,LowerHigh,19804.65,42.45000000000073,0.20548969130939712,2023-07-27,same_day,2023-07-27 11:20:00+05:30,19747.95,56.70000000000073,TARGET,42.5,15.927701542038449,17.022797411823376,0
2023-08-02,2023-08-02 10:20:00+05:30,SHORT,LowerHigh,19604.75,57.54999999999927,0.23604933279418078,2023-08-03,same_day,2023-08-02 10:55:00+05:30,19563.0,41.75,TARGET,34.25,4.890791992465893,21.614589096299824,0
2023-08-09,2023-08-09 10:20:00+05:30,SHORT,LowerHigh,19483.65,79.95000000000073,0.28990380696177476,2023-08-10,same_day,2023-08-09 13:00:00+05:30,19508.65,-25.0,STOP,-7.5,-3.1137959297166162,24.06607450914089,0
2023-08-10,2023-08-10 09:55:00+05:30,SHORT,LowerHigh,19582.45,47.150000000001455,0.27223323186303183,2023-08-10,same_day,2023-08-10 10:05:00+05:30,19610.85,-28.399999999997817,STOP,-7.5,-7.2800698967676,23.0717326570184,0
2023-08-16,2023-08-16 10:00:00+05:30,SHORT,LowerHigh,19365.75,70.34999999999854,0.15089803677784971,2023-08-17,same_day,2023-08-16 10:15:00+05:30,19395.25,-29.5,STOP,-7.5,-3.3265060052444824,20.32031205432304,0
2023-08-23,2023-08-23 09:55:00+05:30,SHORT,LowerHigh,19383.3,54.5,0.14214275046221397,2023-08-24,same_day,2023-08-23 11:05:00+05:30,19411.05,-27.75,STOP,-7.5,-3.3176315380305823,24.109776401382078,0
2023-09-14,2023-09-14 09:55:00+05:30,SHORT,LowerHigh,20141.2,56.39999999999782,0.36994422071587946,2023-09-14,same_day,2023-09-14 10:15:00+05:30,20084.9,56.29999999999927,TARGET,42.5,14.277326269367222,20.9014855138621,0
2023-09-18,2023-09-18 10:45:00+05:30,SHORT,LowerHigh,20175.45,52.5,0.0669760796171945,2023-09-21,same_day,2023-09-18 15:10:00+05:30,20127.25,48.20000000000073,TARGET,40.70000000000073,3.4710851799518423,25.10784056054763,0
2023-09-21,2023-09-21 10:05:00+05:30,SHORT,LowerHigh,19742.4,46.150000000001455,0.35634298011836757,2023-09-21,same_day,2023-09-21 11:05:00+05:30,19783.6,-41.19999999999709,STOP,-7.5,-10.68916063504912,20.449132791984084,0
2023-09-22,2023-09-22 09:55:00+05:30,SHORT,LowerHigh,19678.0,69.39999999999782,0.4606727132060241,2023-09-28,same_day,2023-09-22 10:25:00+05:30,19712.7,-34.70000000000073,STOP,-7.5,-1.793004869705328,25.04003363517404,0
2023-09-25,2023-09-25 09:55:00+05:30,SHORT,LowerHigh,19676.8,67.65000000000146,0.2998250176628189,2023-09-28,same_day,2023-09-25 10:10:00+05:30,19619.0,57.79999999999927,TARGET,42.5,4.127388730616076,25.011126645402328,0
2023-09-27,2023-09-27 10:05:00+05:30,SHORT,LowerHigh,19572.0,49.54999999999927,0.053600097547093266,2023-09-28,same_day,2023-09-27 11:05:00+05:30,19607.1,-35.099999999998545,STOP,-7.5,-3.9637485651019233,19.653978094571357,0
2023-10-12,2023-10-12 10:25:00+05:30,SHORT,LowerHigh,19788.7,42.349999999998545,0.2147518591592084,2023-10-12,same_day,2023-10-12 10:40:00+05:30,19813.85,-25.149999999997817,STOP,-7.5,-6.6420689105957536,21.308659405119215,0
2023-10-16,2023-10-16 11:15:00+05:30,SHORT,LowerHigh,19741.25,51.29999999999927,0.4057584630530844,2023-10-19,same_day,2023-10-16 11:40:00+05:30,19773.25,-32.0,STOP,-7.5,-2.3001254219179827,23.967310873555107,0
2023-10-18,2023-10-18 10:35:00+05:30,SHORT,LowerHigh,19823.1,49.10000000000218,0.12850749879051765,2023-10-19,same_day,2023-10-18 10:45:00+05:30,19771.9,51.19999999999709,TARGET,42.5,5.89564183749826,19.55171110162155,0
2023-10-23,2023-10-23 10:10:00+05:30,SHORT,LowerHigh,19484.85,37.19999999999709,0.003582000956909693,2023-10-26,same_day,2023-10-23 13:00:00+05:30,19442.85,42.0,TARGET,34.5,3.0843642608051596,24.425389940604873,0
2023-11-06,2023-11-06 10:40:00+05:30,SHORT,LowerHigh,19346.55,43.25,0.07354087625384052,2023-11-09,same_day,2023-11-06 14:10:00+05:30,19374.0,-27.450000000000728,STOP,-7.5,-2.0808623784441806,23.56047194932944,0
2023-11-13,2023-11-13 10:25:00+05:30,SHORT,LowerHigh,19427.45,50.0,0.12150046681758304,2023-11-16,same_day,2023-11-13 14:05:00+05:30,19454.05,-26.599999999998545,STOP,-7.5,-1.9888967766819405,24.96121137070986,0
2023-11-16,2023-11-16 09:55:00+05:30,SHORT,LowerHigh,19694.3,71.70000000000073,0.12263757289556237,2023-11-16,same_day,2023-11-16 10:15:00+05:30,19721.3,-27.0,STOP,-7.5,-6.733730810387442,20.019435530839473,0
2023-11-22,2023-11-22 10:25:00+05:30,SHORT,LowerHigh,19806.7,44.29999999999927,0.05614311943309886,2023-11-23,same_day,2023-11-22 12:00:00+05:30,19766.0,40.70000000000073,TARGET,33.20000000000073,4.737454466910094,21.42114788053277,0
2023-11-23,2023-11-23 10:05:00+05:30,SHORT,LowerHigh,19846.4,46.64999999999782,0.14557217953901774,2023-11-23,same_day,2023-11-23 10:30:00+05:30,19805.1,41.30000000000291,TARGET,33.80000000000291,10.993774790760654,19.447336500201345,0
2023-11-28,2023-11-28 10:20:00+05:30,SHORT,LowerHigh,19808.05,40.349999999998545,0.09616549551732127,2023-11-30,same_day,2023-11-28 12:05:00+05:30,19834.85,-26.799999999999272,STOP,-7.5,-2.344693923012528,22.279459081857567,0
2023-11-29,2023-11-29 09:55:00+05:30,SHORT,LowerHigh,20001.4,49.5,0.3124267749746153,2023-11-30,same_day,2023-11-29 11:40:00+05:30,20028.65,-27.25,STOP,-7.5,-3.206518889945073,22.084488517813043,0
2023-11-30,2023-11-30 09:55:00+05:30,SHORT,LowerHigh,20047.1,41.650000000001455,0.6032072605129515,2023-11-30,same_day,2023-11-30 10:40:00+05:30,20098.6,-51.5,STOP,-7.5,-11.691189432101737,19.404777704853586,0
2023-12-08,2023-12-08 11:00:00+05:30,SHORT,LowerHigh,20950.25,43.650000000001455,0.09482906881199567,2023-12-14,same_day,2023-12-08 11:35:00+05:30,20979.8,-29.549999999999272,STOP,-7.5,-1.4384171480505756,23.963934595843966,0
2023-12-12,2023-12-12 10:15:00+05:30,SHORT,LowerHigh,20977.1,30.649999999997817,0.13927775896362432,2023-12-14,same_day,2023-12-12 10:30:00+05:30,21005.1,-28.0,STOP,-7.5,-2.2718945646993234,24.94557518118745,0
2023-12-13,2023-12-13 09:55:00+05:30,SHORT,LowerHigh,20832.5,54.400000000001455,0.5599815401157584,2023-12-14,same_day,2023-12-13 11:35:00+05:30,20783.0,49.5,TARGET,42.0,5.511897069753104,24.264904260038747,0
2023-12-14,2023-12-14 10:35:00+05:30,SHORT,LowerHigh,21140.3,67.30000000000291,0.012422508630053128,2023-12-14,same_day,2023-12-14 11:35:00+05:30,21167.15,-26.850000000002183,STOP,-7.5,-7.5676421556559035,21.0692926582542,0
2023-12-15,2023-12-15 10:45:00+05:30,SHORT,LowerHigh,21297.75,62.650000000001455,0.38061808397755864,2023-12-21,same_day,2023-12-15 11:35:00+05:30,21329.8,-32.04999999999927,STOP,-7.5,-1.535793872022623,24.104885978016682,0
2023-12-27,2023-12-27 10:00:00+05:30,SHORT,LowerHigh,21552.5,60.20000000000073,0.419607586168151,2023-12-28,same_day,2023-12-27 10:45:00+05:30,21580.9,-28.400000000001455,STOP,-7.5,-3.009969121967515,22.17839793897474,0
2023-12-29,2023-12-29 10:00:00+05:30,SHORT,LowerHigh,21737.6,56.150000000001455,0.3117660603269663,2024-01-04,same_day,2023-12-29 10:10:00+05:30,21683.3,54.29999999999927,TARGET,42.5,2.541291399018519,24.60525847566896,0
2024-01-02,2024-01-02 09:55:00+05:30,SHORT,LowerHigh,21636.8,56.0,0.19514215691915388,2024-01-04,same_day,2024-01-02 10:05:00+05:30,21663.95,-27.150000000001455,STOP,-7.5,-2.1232725670306536,24.190617775957435,0
2024-01-04,2024-01-04 09:55:00+05:30,SHORT,LowerHigh,21602.25,55.04999999999927,0.623006218520745,2024-01-04,same_day,2024-01-04 10:10:00+05:30,21631.5,-29.25,STOP,-7.5,-6.403631893427701,18.603394777455833,0
2024-01-11,2024-01-11 10:00:00+05:30,SHORT,LowerHigh,21664.3,51.0,0.43893670486267555,2024-01-11,same_day,2024-01-11 14:10:00+05:30,21606.3,58.0,TARGET,42.5,17.603118890900987,15.891323385686519,0
2024-01-15,2024-01-15 09:55:00+05:30,SHORT,LowerHigh,21982.75,60.54999999999927,0.6174923244027765,2024-01-18,same_day,2024-01-15 10:00:00+05:30,22014.05,-31.299999999999272,STOP,-7.5,-2.0042476907892706,24.642635617770793,0
2024-01-16,2024-01-16 10:05:00+05:30,SHORT,LowerHigh,22081.25,51.75,0.2598268274600194,2024-01-18,same_day,2024-01-16 10:35:00+05:30,22110.3,-29.049999999999272,STOP,-7.5,-2.2413159287098097,24.634967148849682,0
2024-01-23,2024-01-23 10:00:00+05:30,SHORT,LowerHigh,21652.0,61.20000000000073,0.5549118567779211,2024-01-25,same_day,2024-01-23 10:20:00+05:30,21607.7,44.29999999999927,TARGET,36.79999999999927,3.478607002847639,22.999899281852777,0
2024-02-08,2024-02-08 10:15:00+05:30,SHORT,LowerHigh,21908.95,48.25,0.43683275837432567,2024-02-08,same_day,2024-02-08 10:25:00+05:30,21957.85,-48.89999999999782,STOP,-7.5,-9.36817056659902,16.97460935097115,0
2024-02-14,2024-02-14 11:35:00+05:30,SHORT,LowerHigh,21596.95,69.0,0.29957118392932824,2024-02-15,same_day,2024-02-14 12:15:00+05:30,21627.2,-30.25,STOP,-7.5,-3.2865115015438278,22.700869894264542,0
2024-02-16,2024-02-16 11:35:00+05:30,SHORT,LowerHigh,22019.1,43.75,0.0949487710296659,2024-02-22,same_day,2024-02-16 12:10:00+05:30,22047.4,-28.30000000000291,STOP,-7.5,-1.310016073686711,23.146244893412586,0
2024-02-20,2024-02-20 09:55:00+05:30,SHORT,LowerHigh,22074.65,62.10000000000218,0.057909511863529314,2024-02-22,same_day,2024-02-20 10:15:00+05:30,22127.9,-53.25,STOP,-7.5,-3.940608868529125,21.315034977180403,0
2024-02-26,2024-02-26 09:55:00+05:30,SHORT,LowerHigh,22114.1,56.25,0.4322566173171761,2024-02-29,same_day,2024-02-26 10:10:00+05:30,22148.35,-34.25,STOP,-7.5,-2.1585751515722222,22.647871881055835,0
2024-03-02,2024-03-02 11:40:00+05:30,SHORT,LowerHigh,22393.2,51.75,1.2654036819165195,2024-03-07,same_day,2024-03-04 09:15:00+05:30,22424.6,-31.399999999997817,STOP,-7.5,-2.22931539606725,24.268884073568188,2
2024-03-05,2024-03-05 10:05:00+05:30,SHORT,LowerHigh,22326.4,69.19999999999709,0.014506661905505836,2024-03-07,same_day,2024-03-05 11:15:00+05:30,22283.0,43.400000000001455,TARGET,35.900000000001455,3.3269643774983706,25.009663878907304,0
2024-03-11,2024-03-11 10:00:00+05:30,SHORT,LowerHigh,22452.3,58.29999999999927,0.09197833399244057,2024-03-14,same_day,2024-03-11 11:20:00+05:30,22412.25,40.04999999999927,TARGET,32.54999999999927,2.5253130179935397,23.423600018833895,0
2024-03-19,2024-03-19 09:55:00+05:30,SHORT,LowerHigh,21901.85,53.29999999999927,0.2776249312190618,2024-03-21,same_day,2024-03-19 10:20:00+05:30,21856.7,45.14999999999782,TARGET,37.64999999999782,3.503563656911865,23.037204411688435,0
2024-03-20,2024-03-20 10:00:00+05:30,SHORT,LowerHigh,21807.75,59.5,0.6057927364106757,2024-03-21,same_day,2024-03-20 10:10:00+05:30,21765.05,42.70000000000073,TARGET,35.20000000000073,4.464751506066023,21.667727799793283,0
2024-03-21,2024-03-21 11:50:00+05:30,SHORT,LowerHigh,22012.45,46.5,0.044405989772875215,2024-03-21,same_day,2024-03-21 12:05:00+05:30,21966.1,46.35000000000218,TARGET,38.85000000000218,12.968466961973718,14.712917240499337,0
2024-04-26,2024-04-26 09:55:00+05:30,SHORT,LowerHigh,22584.05,45.050390625001455,1.0859483171945858,2024-05-02,same_day,2024-04-26 10:05:00+05:30,22527.85,56.20000000000073,TARGET,42.5,2.5300486447522417,24.787521406808082,0
2024-05-03,2024-05-03 10:05:00+05:30,SHORT,LowerHigh,22713.15,40.69921875,0.39392321377535505,2024-05-09,same_day,2024-05-03 10:20:00+05:30,22638.15,75.0,TARGET,42.5,3.363108058247235,23.48575158516178,0
2024-05-07,2024-05-07 09:55:00+05:30,SHORT,LowerHigh,22412.3,57.650390625,0.45918729168143463,2024-05-09,same_day,2024-05-07 10:20:00+05:30,22368.25,44.04999999999927,TARGET,36.54999999999927,3.333185154842795,22.296967858434073,0
2024-05-15,2024-05-15 10:05:00+05:30,SHORT,LowerHigh,22187.2,44.451171875,0.5015154385718499,2024-05-16,same_day,2024-05-15 11:00:00+05:30,22241.6,-54.39999999999782,STOP,-7.5,-5.58043014746454,23.827993416778554,0
2024-05-27,2024-05-27 09:55:00+05:30,SHORT,LowerHigh,22953.25,79.099609375,0.09267032260174657,2024-05-30,same_day,2024-05-27 10:25:00+05:30,22984.4,-31.150000000001455,STOP,-7.5,-1.9101605812375055,23.403611782445296,0
2024-05-29,2024-05-29 10:10:00+05:30,SHORT,LowerHigh,22757.65,63.25,0.472209951105461,2024-05-30,same_day,2024-05-29 11:15:00+05:30,22714.35,43.30000000000291,TARGET,35.80000000000291,4.369132287813045,21.809077833833726,0
2024-07-10,2024-07-10 09:55:00+05:30,SHORT,LowerHigh,24369.15,77.451171875,0.27206274896308164,2024-07-11,same_day,2024-07-10 10:20:00+05:30,24252.1,117.05000000000291,TARGET,42.5,10.87222645464135,20.974105801562473,0
2024-07-18,2024-07-18 11:15:00+05:30,SHORT,LowerHigh,24542.0,70.849609375,0.06012532708589528,2024-07-18,same_day,2024-07-18 12:10:00+05:30,24607.8,-65.79999999999927,STOP,-7.5,-14.456120424452138,20.941792151857953,0
2024-07-31,2024-07-31 11:10:00+05:30,SHORT,LowerHigh,24923.0,72.599609375,0.00603722051023198,2024-08-01,same_day,2024-07-31 13:35:00+05:30,24951.1,-28.099999999998545,STOP,-7.5,-2.827248045151464,20.622966149265267,0
2024-08-07,2024-08-07 09:55:00+05:30,SHORT,LowerHigh,24230.5,74.548828125,0.64820415135707,2024-08-08,same_day,2024-08-07 10:25:00+05:30,24268.45,-37.95000000000073,STOP,-7.5,-3.581007397020585,24.56809850083482,0
2024-08-08,2024-08-08 09:55:00+05:30,SHORT,LowerHigh,24205.4,70.650390625,0.10642341498465806,2024-08-08,same_day,2024-08-08 10:05:00+05:30,24126.7,78.70000000000073,TARGET,42.5,16.506283922508374,18.61149696096618,0
2024-08-19,2024-08-19 09:55:00+05:30,SHORT,LowerHigh,24585.25,62.55078125,0.8397437991409438,2024-08-22,same_day,2024-08-19 11:00:00+05:30,24538.3,46.95000000000073,TARGET,39.45000000000073,2.7076952839415753,24.55172709003091,0
2024-08-21,2024-08-21 11:05:00+05:30,SHORT,LowerHigh,24692.05,53.599609375,0.09716299305630516,2024-08-22,same_day,2024-08-21 11:20:00+05:30,24719.7,-27.650000000001455,STOP,-7.5,-2.5976369327945577,23.47709832667715,0
2024-08-30,2024-08-30 10:10:00+05:30,SHORT,LowerHigh,25218.85,53.25,0.485111881863063,2024-09-05,same_day,2024-08-30 12:00:00+05:30,25252.15,-33.30000000000291,STOP,-7.5,-1.354922311478731,23.42498440397685,0
2024-09-04,2024-09-04 10:25:00+05:30,SHORT,LowerHigh,25124.25,49.298828125,0.1759952828838476,2024-09-05,same_day,2024-09-04 13:10:00+05:30,25153.2,-28.950000000000728,STOP,-7.5,-2.8859228389346754,20.60333451385668,0
2024-09-10,2024-09-10 09:55:00+05:30,SHORT,LowerHigh,24921.1,57.201171875,0.4787805357234043,2024-09-12,same_day,2024-09-10 10:30:00+05:30,24946.45,-25.350000000002183,STOP,-7.5,-1.7200636597517587,21.98381396174227,0
2024-09-24,2024-09-24 10:40:00+05:30,SHORT,LowerHigh,25951.3,72.201171875,0.22262674924091352,2024-09-26,same_day,2024-09-24 13:50:00+05:30,25979.2,-27.900000000001455,STOP,-7.5,-1.935994255100013,23.383325127395437,0
2024-09-27,2024-09-27 11:05:00+05:30,SHORT,LowerHigh,26223.7,41.650390625,0.6892784063406358,2024-10-03,same_day,2024-09-27 13:20:00+05:30,26170.3,53.400000000001455,TARGET,42.5,2.0795200284501334,23.298265387618812,0
2024-10-09,2024-10-09 09:55:00+05:30,SHORT,LowerHigh,25076.95,50.69921875,0.8348063714528909,2024-10-10,same_day,2024-10-09 10:05:00+05:30,25178.25,-101.29999999999927,STOP,-7.5,-8.90321731721906,24.90881097068268,0
2024-10-10,2024-10-10 10:40:00+05:30,SHORT,LowerHigh,25058.4,72.69921875,0.18451746925475349,2024-10-10,same_day,2024-10-10 11:15:00+05:30,25012.9,45.5,TARGET,38.0,10.147000042043146,17.750196603266886,0
2024-10-15,2024-10-15 09:55:00+05:30,SHORT,LowerHigh,25087.9,56.1015625,0.47495762958587145,2024-10-17,same_day,2024-10-15 10:25:00+05:30,25033.2,54.70000000000073,TARGET,42.5,3.7085032007635164,24.243309704026615,0
2024-12-06,2024-12-06 09:55:00+05:30,SHORT,LowerHigh,24687.25,59.951171875,0.661798011707214,2024-12-12,same_day,2024-12-06 10:00:00+05:30,24726.95,-39.70000000000073,STOP,-7.5,-1.6320477220233442,24.690377226415876,0
2024-12-10,2024-12-10 10:40:00+05:30,SHORT,LowerHigh,24625.65,61.94921875,0.03308607445738402,2024-12-12,same_day,2024-12-10 11:10:00+05:30,24651.4,-25.75,STOP,-7.5,-1.79442264249883,25.070601908235403,0
2024-12-17,2024-12-17 10:05:00+05:30,SHORT,LowerHigh,24514.95,70.25,0.42479170120329907,2024-12-19,same_day,2024-12-17 10:20:00+05:30,24428.9,86.04999999999927,TARGET,42.5,5.964462260933942,22.350311510563188,0
2024-12-27,2024-12-27 11:20:00+05:30,SHORT,LowerHigh,23863.75,63.25,0.06519562219004167,2025-01-02,same_day,2024-12-27 14:50:00+05:30,23812.0,51.75,TARGET,42.5,2.221587263784386,23.534709327659584,0
2025-01-14,2025-01-14 09:55:00+05:30,SHORT,LowerHigh,23179.9,77.1484375,0.46000667730713063,2025-01-16,same_day,2025-01-14 10:15:00+05:30,23138.2,41.70000000000073,TARGET,34.20000000000073,3.055884071802211,24.75755835527707,0
2025-01-16,2025-01-16 09:55:00+05:30,SHORT,LowerHigh,23310.85,75.900390625,0.09612381481205207,2025-01-16,same_day,2025-01-16 15:15:00+05:30,23315.65,-4.80000000000291,HARD_1515,-7.5,-17.243220777200804,17.243220777200804,0
2025-01-31,2025-01-31 10:10:00+05:30,SHORT,LowerHigh,23340.2,78.25,0.5543926282397148,2025-02-06,same_day,2025-01-31 10:20:00+05:30,23388.75,-48.54999999999927,STOP,-7.5,-2.109818754621301,24.531908059816487,0
2025-02-05,2025-02-05 09:55:00+05:30,SHORT,LowerHigh,23754.15,57.30078125,0.8413460120565927,2025-02-06,same_day,2025-02-05 15:00:00+05:30,23698.9,55.25,TARGET,42.5,5.536874347291814,22.29166064803394,0
2025-05-05,2025-05-05 10:55:00+05:30,SHORT,LowerHigh,24471.1,77.25,0.0071965142456577695,2025-05-08,same_day,2025-05-05 11:50:00+05:30,24422.8,48.29999999999927,TARGET,40.79999999999927,2.8005176483547984,22.466908159141894,0
2025-06-11,2025-06-11 10:20:00+05:30,SHORT,LowerHigh,25139.7,69.099609375,0.4149490813369965,2025-06-12,same_day,2025-06-11 10:40:00+05:30,25173.3,-33.599999999998545,STOP,-7.5,-3.0636501894496178,23.74158026232726,0
2025-07-02,2025-07-02 10:00:00+05:30,SHORT,LowerHigh,25526.7,74.75,0.07181463858279868,2025-07-03,same_day,2025-07-02 11:00:00+05:30,25486.25,40.45000000000073,TARGET,32.95000000000073,3.6653675741672487,24.933974341789508,0
2025-07-09,2025-07-09 10:55:00+05:30,SHORT,LowerHigh,25523.4,53.00078125000073,0.37459082104166863,2025-07-10,same_day,2025-07-09 14:30:00+05:30,25457.4,66.0,TARGET,42.5,6.083589406134706,20.709382551853196,0
2025-07-11,2025-07-11 09:55:00+05:30,SHORT,LowerHigh,25286.9,78.44921875,0.6408851960635269,2025-07-17,same_day,2025-07-11 10:15:00+05:30,25239.55,47.35000000000218,TARGET,39.85000000000218,1.9061125004027417,24.71643776691053,0
2025-07-17,2025-07-17 10:00:00+05:30,SHORT,LowerHigh,25186.5,60.849609375,0.007740689836074479,2025-07-17,same_day,2025-07-17 14:15:00+05:30,25146.35,40.150000000001455,TARGET,32.650000000001455,13.729398098766978,22.64584264196128,0
2025-07-24,2025-07-24 09:55:00+05:30,SHORT,LowerHigh,25175.75,67.349609375,0.2778528152492538,2025-07-24,same_day,2025-07-24 11:20:00+05:30,25114.1,61.650000000001455,TARGET,42.5,13.494899182214795,24.881352868678732,0
2025-09-05,2025-09-05 10:00:00+05:30,SHORT,LowerHigh,24770.7,56.900390625,0.9645426978773683,2025-09-09,same_day,2025-09-05 10:10:00+05:30,24679.35,91.35000000000218,TARGET,42.5,4.553041085115183,22.884867333552393,0
2025-09-09,2025-09-09 10:05:00+05:30,SHORT,LowerHigh,24839.1,47.6015625,0.04596134903008472,2025-09-09,same_day,2025-09-09 13:30:00+05:30,24870.4,-31.30000000000291,STOP,-7.5,-11.154062229777537,22.046675804835104,0
2025-10-07,2025-10-07 11:15:00+05:30,SHORT,LowerHigh,25140.9,71.849609375,0.6260867329493717,2025-10-07,same_day,2025-10-07 12:40:00+05:30,25167.65,-26.75,STOP,-7.5,-7.802214490557162,21.29064232096698,0
2025-10-14,2025-10-14 09:55:00+05:30,SHORT,LowerHigh,25207.55,75.19999999999709,0.23771102101052974,2025-10-14,same_day,2025-10-14 11:15:00+05:30,25140.8,66.75,TARGET,42.5,14.467258934207166,18.43109102564904,0
2025-11-19,2025-11-19 11:15:00+05:30,SHORT,LowerHigh,25932.85,77.45000000000073,0.4884366185275367,2025-11-25,same_day,2025-11-19 11:40:00+05:30,25968.9,-36.05000000000291,STOP,-7.5,-1.4206373381821322,24.885031479023382,0
2025-11-21,2025-11-21 09:55:00+05:30,SHORT,LowerHigh,26119.4,79.54999999999927,0.24988424198592118,2025-11-25,same_day,2025-11-21 10:15:00+05:30,26067.3,52.10000000000218,TARGET,42.5,2.461462368524735,23.064135360704313,0
2025-12-02,2025-12-02 10:15:00+05:30,SHORT,LowerHigh,26062.55,77.14999999999782,0.5692134711955517,2025-12-02,same_day,2025-12-02 10:50:00+05:30,26092.15,-29.600000000002183,STOP,-7.5,-5.893808738600455,17.479491179969045,0
2025-12-05,2025-12-05 09:55:00+05:30,SHORT,LowerHigh,26024.35,76.60000000000218,0.13567163231255666,2025-12-09,same_day,2025-12-05 10:00:00+05:30,26085.15,-60.80000000000291,STOP,-7.5,-2.832657695927992,22.822591137810377,0
2025-12-08,2025-12-08 09:55:00+05:30,SHORT,LowerHigh,26085.8,66.75,0.6801975399810852,2025-12-09,same_day,2025-12-08 12:10:00+05:30,26035.3,50.5,TARGET,42.5,4.5403549602633575,24.140983353530828,0
2025-12-17,2025-12-17 10:05:00+05:30,SHORT,LowerHigh,25838.4,73.5,0.3859121823401401,2025-12-23,same_day,2025-12-17 12:00:00+05:30,25797.6,40.80000000000291,TARGET,33.30000000000291,1.6132670644910831,24.667182201943433,0
2025-12-29,2025-12-29 09:55:00+05:30,SHORT,LowerHigh,26037.25,62.64999999999782,0.2817629324783406,2025-12-30,same_day,2025-12-29 11:00:00+05:30,25989.9,47.349999999998545,TARGET,39.849999999998545,4.198578022020229,24.012129125010688,0
2026-01-01,2026-01-01 10:00:00+05:30,SHORT,LowerHigh,26171.7,46.099999999998545,0.6576553508618221,2026-01-06,same_day,2026-01-01 12:05:00+05:30,26130.85,40.85000000000218,TARGET,33.35000000000218,1.7286129558360699,23.197979640070116,0
2026-02-18,2026-02-18 09:55:00+05:30,SHORT,LowerHigh,25665.45,62.0,0.30443151656040857,2026-02-24,same_day,2026-02-18 10:50:00+05:30,25691.65,-26.200000000000728,STOP,-7.5,-1.0415976920921821,23.59195048690708,0
2026-03-13,2026-03-13 09:55:00+05:30,SHORT,LowerHigh,23347.55,77.15000000000146,0.149948151730634,2026-03-17,same_day,2026-03-13 10:55:00+05:30,23372.7,-25.150000000001455,STOP,-7.5,-1.3366875140545744,23.968796033925173,0
2026-06-02,2026-06-02 10:50:00+05:30,SHORT,LowerHigh,23302.6,78.0,1.1638377475744544,2026-06-02,same_day,2026-06-02 11:20:00+05:30,23361.35,-58.75,STOP,-7.5,-11.766276127244282,18.435928987798434,0
2026-06-09,2026-06-09 09:55:00+05:30,SHORT,LowerHigh,23188.35,64.54999999999927,0.09965035722486752,2026-06-09,same_day,2026-06-09 10:45:00+05:30,23132.2,56.14999999999782,TARGET,42.5,12.914535544311548,22.054179513489544,0
2026-06-11,2026-06-11 10:00:00+05:30,SHORT,LowerHigh,23108.55,76.54999999999927,0.07682722911946605,2026-06-16,same_day,2026-06-11 10:05:00+05:30,23155.0,-46.45000000000073,STOP,-7.5,-2.211673600921131,23.566765396275514,0
2026-06-22,2026-06-22 11:50:00+05:30,SHORT,LowerHigh,24134.1,69.34999999999854,0.21466204274900794,2026-06-23,same_day,2026-06-22 15:15:00+05:30,24093.8,40.29999999999927,TARGET,32.79999999999927,4.130408322675066,24.193514786131345,0
