day,dte,direction,entry,n0,S_exp,n_exp,pnl_day,pnl_exp
2021-07-13,2,LONG,15769.7,39.75926495110707,15921.2999,128.70010000000002,9.649808943961943,88.94083504889295
2021-07-22,0,LONG,15785.3999,47.6865883952712,15826.2999,76.29989999999998,28.61331160472878,28.61331160472878
2021-08-20,6,SHORT,16469.5,25.61704848366753,16649.4,0.0,1.4414760360446053,-25.61704848366753
2021-10-14,0,LONG,18283.1992,46.26253676686008,18343.9004,93.90039999999863,47.637863233138546,47.637863233138546
2021-11-26,6,SHORT,17238.6504,24.468114643775152,17411.0,0.0,15.285636501184854,-24.468114643775152
2021-12-01,1,LONG,17160.6992,39.35143702630694,17411.0,50.0,6.023643300435651,10.64856297369306
2021-12-07,2,LONG,17089.9492,41.53600164214049,17519.3496,50.0,14.083485366881632,8.46399835785951
2021-12-08,1,LONG,17394.0,44.789080894047856,17519.3496,130.65039999999863,19.502540710073845,85.86131910595077
2021-12-13,3,LONG,17626.5508,37.98358807343311,17257.8496,0.0,-26.646049537533543,-37.98358807343311
2021-12-20,3,SHORT,16658.3496,24.68936814939434,17060.6504,0.0,3.4920386553819753,-24.68936814939434
2021-12-21,2,LONG,16829.4492,40.420415929043884,17060.6504,50.0,-7.469108675399184,9.579584070956116
2022-01-10,3,LONG,17949.9492,39.944904422432955,18263.1992,50.0,7.075229485842101,10.055095577567045
2022-02-01,2,LONG,17561.4004,37.79510966867247,17547.75,0.0,4.808624540637538,-37.79510966867247
2022-02-11,6,SHORT,17357.9004,26.6453437850887,17282.3008,0.0,-0.580607479075752,-26.6453437850887
2022-02-24,0,SHORT,16546.0,5.780525819385023,16226.4004,126.40040000000045,120.61987418061543,120.61987418061543
2022-02-25,6,LONG,16626.75,35.66618993002794,16656.8008,56.80080000000089,3.90948276650397,21.13461006997295
2022-03-02,1,SHORT,16562.4004,18.729963545546127,16656.8008,0.0,-13.89648073105382,-18.729963545546127
2022-03-04,6,SHORT,16260.0996,26.269741098204122,16601.9492,0.0,2.575290884018159,-26.269741098204122
2022-03-07,3,SHORT,15785.4004,21.20743428302808,16601.9492,0.0,-12.426402693649607,-21.20743428302808
2022-03-10,0,LONG,16705.0508,37.95399632940263,16601.9492,0.0,-37.95399632940263,-37.95399632940263
2022-03-17,0,LONG,17257.3008,38.845768256262545,17292.9492,42.94919999999911,4.103431743736564,4.103431743736564
2022-03-30,1,LONG,17453.4004,38.029972988925465,17462.0,12.0,11.553253320109206,-26.029972988925465
2022-04-04,3,LONG,18025.3496,37.64506949664292,17632.8008,0.0,5.377469779286457,-37.64506949664292
2022-04-18,3,SHORT,17188.0996,22.003302325413642,17389.5996,0.0,-1.5758472510191268,-22.003302325413642
2022-04-20,1,LONG,17114.4492,40.01378466936444,17389.5996,50.0,9.370423390970245,9.98621533063556
2022-04-22,6,SHORT,17216.75,25.998090573054924,17247.0996,0.0,3.4918700147154595,-25.998090573054924
2022-04-25,3,SHORT,16979.4492,22.71806373430877,17247.0996,0.0,2.108430288112686,-22.71806373430877
2022-04-26,2,LONG,17174.0,39.53196754025157,17247.0996,97.09960000000137,8.071365618342952,57.5676324597498
2022-05-05,0,LONG,16868.0,42.00229633392206,16690.25,0.0,-42.00229633392206,-42.00229633392206
2022-05-06,6,SHORT,16402.1992,26.896855905881694,15822.1504,50.0,-2.0203474544066466,23.103144094118306
2022-05-12,0,SHORT,15900.75,10.757751823378742,15822.1504,0.0,-10.757751823378742,-10.757751823378742
2022-05-20,6,LONG,16155.6504,34.37628391071166,16187.0996,37.099599999999555,8.537112304327366,2.7233160892878914
2022-05-30,3,LONG,16628.1992,38.7511852873904,16633.5,33.5,4.735172182986844,-5.251185287390399
2022-06-10,6,SHORT,16275.25,25.127840934296273,15348.9004,50.0,7.292431281045083,24.872159065703727
2022-06-13,3,SHORT,15777.9502,22.001595121161813,15348.9004,50.0,-2.606881882399307,27.998404878838187
2022-07-07,0,LONG,16093.2998,50.19769570973767,16137.7998,87.79980000000069,37.602104290263014,37.602104290263014
2022-07-28,0,LONG,16807.4492,38.73404219743759,16939.1504,139.15039999999863,100.41635780256104,100.41635780256104
2022-07-29,6,LONG,17128.9004,35.5384177963424,17362.3008,50.0,3.6582341811899823,14.4615822036576
2022-09-08,0,LONG,17772.4004,43.33327455409005,17797.0508,47.05080000000089,3.7175254459108373,3.7175254459108373
2022-09-09,6,LONG,17901.3496,33.35135386019465,17865.5,0.0,-5.165848901681329,-33.35135386019465
2022-09-13,2,LONG,18054.1504,36.73217306935885,17865.5,0.0,2.132820883536624,-36.73217306935885
2022-09-20,2,LONG,17841.5508,41.174762825741254,17626.5,0.0,-2.615752096117376,-41.174762825741254
2022-09-26,3,SHORT,17044.6504,21.2655996630765,16820.5,79.5,0.8351805552993028,58.2344003369235
2022-10-04,2,LONG,17245.5996,42.091802867257684,17328.5996,128.59960000000137,7.122963135889677,86.50779713274369
2022-10-06,0,LONG,17415.4492,41.2963776979426,17328.5996,0.0,-41.2963776979426,-41.2963776979426
2022-10-10,3,SHORT,17083.0,22.433032858315528,17020.4004,0.0,-15.117409587846936,-22.433032858315528
2022-10-14,6,LONG,17294.3008,36.46982141490571,17580.1504,50.0,-7.384156365829767,13.53017858509429
2022-10-18,2,LONG,17515.3496,38.29496004494786,17580.1504,80.15039999999863,-2.3103526810878066,41.85543995505077
2022-10-31,3,LONG,17955.4004,35.79899542747535,18052.6992,102.69919999999911,7.4747251467570095,66.90020457252376
2022-11-01,2,LONG,18142.75,41.09339909794244,18052.6992,0.0,3.8287642746940946,-41.09339909794244
2022-11-11,6,LONG,18301.8496,33.23364778682844,18324.75,24.75,3.4790871283121305,-8.483647786828442
2022-12-23,6,SHORT,17944.3496,24.299078923389516,18196.8496,0.0,9.799453231945336,-24.299078923389516
2023-02-01,1,LONG,17781.9004,42.584099444706226,17616.0508,0.0,-30.222106541692057,-42.584099444706226
2023-03-03,6,LONG,17481.9492,35.55039918903822,17579.75,129.75,7.765339772619882,94.19960081096178
2023-09-20,1,SHORT,19987.25,18.9205062241075,19747.4,102.59999999999854,7.66909087675873,83.67949377589105
2023-10-13,6,SHORT,19697.25,24.563051768046535,19617.1,0.0,-3.696133577405817,-24.563051768046535
2023-10-17,2,LONG,19833.35,39.035586449535,19617.1,0.0,-1.0227423232809087,-39.035586449535
2023-11-06,3,LONG,19349.8,38.97431914070512,19398.45,98.45000000000073,7.36469266849781,59.47568085929561
2023-11-15,1,LONG,19631.8,41.476408669746434,19745.3,145.29999999999927,13.136972874161984,103.82359133025284
2023-12-05,2,LONG,20791.85,39.29414963463478,20910.55,139.45000000000073,9.314279516599527,100.15585036536595
2023-12-14,0,LONG,21175.2,43.33831567436118,21187.75,37.75,-5.5883156743611835,-5.5883156743611835
2024-01-17,1,SHORT,21803.35,24.18845218925412,21463.05,63.04999999999927,35.503161836110166,38.86154781074515
2024-01-18,0,SHORT,21324.15,13.995826257065033,21463.05,0.0,-13.995826257065033,-13.995826257065033
2024-01-19,6,LONG,21647.9,34.46966149465152,21352.65,0.0,-0.27957291370603343,-34.46966149465152
2024-03-21,0,LONG,22028.9,43.84558671763352,22019.8,19.799999999999272,-24.04558671763425,-24.04558671763425
2024-03-26,2,SHORT,22031.8,23.540304084184527,22292.0,0.0,1.6588720464935705,-23.540304084184527
2024-06-03,3,LONG,23155.5,33.926817863077304,22831.15,0.0,9.958611413370818,-33.926817863077304
2024-06-05,1,LONG,21947.7,42.052179283139594,22831.15,50.0,8.096212310329975,7.947820716860406
2024-06-06,0,LONG,22784.75,44.714590848840544,22831.15,81.15000000000146,36.43540915116091,36.43540915116091
2024-07-03,1,LONG,24282.3,39.14079712660987,24309.1,59.099999999998545,5.126650971240451,19.959202873388676
2024-08-02,6,SHORT,24738.8,25.62527473874343,24090.45,50.0,0.6309571156689344,24.37472526125657
2024-10-03,0,SHORT,25558.6,20.048866444748114,25255.5,105.5,85.45113355525189,85.45113355525189
2025-01-28,2,LONG,22907.65,35.337122931914564,23266.9,50.0,7.701293378643641,14.662877068085436
2025-02-03,3,SHORT,23243.8,24.094922832528937,23614.65,0.0,-9.104179539660663,-24.094922832528937
2025-02-04,2,LONG,23550.2,34.520536102447295,23614.65,64.65000000000146,16.788765487799537,30.12946389755416
2025-02-24,3,SHORT,22574.2,25.316449479988933,22541.05,0.0,1.4166088681772635,-25.316449479988933
2025-03-18,2,LONG,22738.15,37.93383800846095,23188.15,50.0,11.820678482694348,12.066161991539047
2025-03-24,3,LONG,23550.2,33.45265195947013,23587.25,37.25,8.846403357420968,3.7973480405298687
2025-04-01,2,SHORT,23479.6,24.225371683893627,23243.6,106.40000000000146,27.14078493164334,82.17462831610783
2025-04-11,6,LONG,22835.1,33.39226623235572,23850.15,50.0,-0.3318852833190249,16.607733767644277
2025-04-15,2,LONG,23302.1,34.749878132149206,23850.15,50.0,3.8987864522487143,15.250121867850794
2025-05-09,6,SHORT,23977.65,26.094303762574782,25050.1,0.0,-2.1774363617469135,-26.094303762574782
2025-05-12,3,LONG,24698.8,36.11492913524489,25050.1,50.0,13.777127904309964,13.885070864755107
2025-06-09,3,LONG,25116.5,34.01453409822079,24876.25,0.0,-0.025222521776413487,-34.01453409822079
2025-06-24,2,LONG,25207.1,34.5623230510555,25541.5,50.0,-12.946338957324087,15.4376769489445
2025-07-31,0,SHORT,24661.9,18.896018921830773,24754.2,0.0,-18.896018921830773,-18.896018921830773
2025-08-18,3,LONG,24998.6,35.97817384294467,25079.2,129.20000000000073,-7.544786733484216,93.22182615705606
2025-10-23,5,LONG,26074.85,32.5358773875123,25962.2,0.0,-8.203495039265363,-32.5358773875123
2026-02-09,1,LONG,25824.75,37.75559512331165,25919.3,119.29999999999927,9.045269755321897,81.54440487668762
2026-02-13,4,SHORT,25549.0,24.748082979892388,25720.35,0.0,3.43965876717175,-24.748082979892388
2026-03-02,2,SHORT,24898.25,23.19564142748868,24456.9,50.0,-2.887366593720344,26.80435857251132
2026-03-04,6,SHORT,24332.85,25.8717138005959,24274.25,0.0,-6.093478619071902,-25.8717138005959
2026-03-05,5,LONG,24623.25,32.87715080697035,24274.25,0.0,5.238776857401717,-32.87715080697035
2026-03-09,1,SHORT,23758.6,24.471796147708346,24274.25,0.0,-23.361996558675322,-24.471796147708346
2026-03-13,4,SHORT,23361.1,26.655378596817172,23563.0,0.0,13.20452862651564,-26.655378596817172
2026-03-17,0,LONG,23513.45,40.319715575726605,23563.0,63.0,22.680284424273395,22.680284424273395
2026-03-19,5,SHORT,23264.85,26.590303141608274,22919.7,69.70000000000073,12.641221024029619,43.109696858392454
2026-03-23,1,SHORT,22616.1,23.141352424699335,22919.7,0.0,17.527114255149172,-23.141352424699335
2026-04-01,6,LONG,22927.15,32.98514531036108,23123.45,76.54999999999927,-12.41046798928437,43.564854689638196
2026-04-02,5,SHORT,22216.1,26.46025774793725,23123.45,0.0,-22.26477246797964,-26.46025774793725
2026-04-15,6,LONG,24231.7,32.778516166768895,24580.25,50.0,0.0959658294059409,17.221483833231105
2026-04-30,5,SHORT,23849.6,24.82132788738818,24050.45,0.0,-8.48370104543119,-24.82132788738818
2026-05-11,1,SHORT,23893.15,20.970878492968268,23386.55,50.0,7.9154990765850926,29.029121507031732
2026-05-18,1,SHORT,23361.05,24.04521513257737,23609.05,0.0,-22.83117127340689,-24.04521513257737
2026-05-21,5,LONG,23781.85,33.56367232709454,23911.05,138.95000000000073,-7.509587040430233,105.38632767290619
2026-06-15,1,LONG,23957.9,36.73304765838748,23983.5,33.5,-13.65828146420563,-3.233047658387477
