n,wr,pf,total,avg,sharpe,n1,wr1,sh1,n2,wr2,sh2,signals,vehicle,side,passed
33,54.5,1.93,90.8,2.75,3.99,16,56.2,5.8,17,52.9,2.21,g58_18_1000,mtm_16_8,PE,True
33,54.5,1.93,90.8,2.75,3.99,16,56.2,5.8,17,52.9,2.21,g60_18_1000,mtm_16_8,PE,True
32,53.1,1.91,89.1,2.78,3.98,16,56.2,5.8,16,50.0,2.13,g62_18_1000,mtm_16_8,PE,True
32,53.1,1.91,89.1,2.78,3.98,16,56.2,5.8,16,50.0,2.13,g65_18_1000,mtm_16_8,PE,True
37,51.4,1.79,88.5,2.39,3.56,18,50.0,4.88,19,52.6,2.27,g55_18_1000,mtm_16_8,PE,True
33,57.6,1.68,65.5,1.98,3.49,16,62.5,6.26,17,52.9,1.43,g58_18_1000,mtm_12_8,PE,True
33,57.6,1.68,65.5,1.98,3.49,16,62.5,6.26,17,52.9,1.43,g60_18_1000,mtm_12_8,PE,True
32,56.2,1.66,63.8,1.99,3.45,16,62.5,6.26,16,50.0,1.31,g62_18_1000,mtm_12_8,PE,True
32,56.2,1.66,63.8,1.99,3.45,16,62.5,6.26,16,50.0,1.31,g65_18_1000,mtm_12_8,PE,True
33,60.6,1.73,63.9,1.94,3.23,16,68.8,5.88,17,52.9,2.37,g58_18_1000,trail_8_5,PE,True
33,60.6,1.73,63.9,1.94,3.23,16,68.8,5.88,17,52.9,2.37,g60_18_1000,trail_8_5,PE,True
32,59.4,1.71,62.2,1.94,3.19,16,68.8,5.88,16,50.0,2.31,g62_18_1000,trail_8_5,PE,True
32,59.4,1.71,62.2,1.94,3.19,16,68.8,5.88,16,50.0,2.31,g65_18_1000,trail_8_5,PE,True
33,54.5,1.67,80.9,2.45,3.15,16,56.2,4.93,17,52.9,1.58,g58_18_1000,mtm_20_10,PE,True
33,54.5,1.67,80.9,2.45,3.15,16,56.2,4.93,17,52.9,1.58,g60_18_1000,mtm_20_10,PE,True
32,53.1,1.65,79.2,2.48,3.13,16,56.2,4.93,16,50.0,1.5,g62_18_1000,mtm_20_10,PE,True
32,53.1,1.65,79.2,2.48,3.13,16,56.2,4.93,16,50.0,1.5,g65_18_1000,mtm_20_10,PE,True
39,61.5,1.59,59.6,1.53,3.1,19,63.2,3.18,20,60.0,2.96,g62_18_1015,trail_6_3,PE,True
39,61.5,1.59,59.6,1.53,3.1,19,63.2,3.18,20,60.0,2.96,g65_18_1015,trail_6_3,PE,True
40,62.5,1.59,60.2,1.51,3.09,19,63.2,3.18,21,61.9,2.94,g60_18_1015,trail_6_3,PE,True
37,54.1,1.57,63.2,1.71,3.05,18,55.6,5.07,19,52.6,1.57,g55_18_1000,mtm_12_8,PE,True
40,52.5,1.54,65.1,1.63,2.9,21,52.4,4.41,19,52.6,1.57,g50_18_1000,mtm_12_8,PE,True
33,60.6,1.58,51.3,1.56,2.9,16,68.8,6.21,17,52.9,1.47,g58_18_1000,trail_8_4,PE,True
33,60.6,1.58,51.3,1.56,2.9,16,68.8,6.21,17,52.9,1.47,g60_18_1000,trail_8_4,PE,True
39,53.8,2.0,189.6,4.86,2.89,20,55.0,3.15,19,52.6,2.51,g62_30_1000,hold,PE,True
39,53.8,2.0,189.6,4.86,2.89,20,55.0,3.15,19,52.6,2.51,g62_35_1000,hold,PE,True
39,53.8,2.0,189.6,4.86,2.89,20,55.0,3.15,19,52.6,2.51,g65_30_1000,hold,PE,True
39,53.8,2.0,189.6,4.86,2.89,20,55.0,3.15,19,52.6,2.51,g65_35_1000,hold,PE,True
40,55.0,2.01,191.3,4.78,2.88,20,55.0,3.15,20,55.0,2.5,g58_30_1000,hold,PE,True
40,55.0,2.01,191.3,4.78,2.88,20,55.0,3.15,20,55.0,2.5,g58_35_1000,hold,PE,True
40,55.0,2.01,191.3,4.78,2.88,20,55.0,3.15,20,55.0,2.5,g60_30_1000,hold,PE,True
40,55.0,2.01,191.3,4.78,2.88,20,55.0,3.15,20,55.0,2.5,g60_35_1000,hold,PE,True
43,51.2,1.58,85.5,1.99,2.85,22,54.5,4.7,21,47.6,0.93,g58_x_1000,mtm_16_8,PE,True
43,51.2,1.58,85.5,1.99,2.85,22,54.5,4.7,21,47.6,0.93,g60_x_1000,mtm_16_8,PE,True
32,59.4,1.57,49.7,1.55,2.85,16,68.8,6.21,16,50.0,1.37,g62_18_1000,trail_8_4,PE,True
32,59.4,1.57,49.7,1.55,2.85,16,68.8,6.21,16,50.0,1.37,g65_18_1000,trail_8_4,PE,True
42,59.5,1.53,61.1,1.46,2.85,21,57.1,1.42,21,61.9,4.1,g62_22_1015,trail_6_3,PE,True
42,59.5,1.53,61.1,1.46,2.85,21,57.1,1.42,21,61.9,4.1,g65_22_1015,trail_6_3,PE,True
43,60.5,1.53,61.7,1.44,2.84,21,57.1,1.42,22,63.6,4.06,g60_22_1015,trail_6_3,PE,True
43,58.1,1.48,57.1,1.33,2.84,22,63.6,5.83,21,52.4,-0.17,g58_x_1000,mtm_8_6,PE,True
43,58.1,1.48,57.1,1.33,2.84,22,63.6,5.83,21,52.4,-0.17,g60_x_1000,mtm_8_6,PE,True
37,56.8,1.61,61.6,1.67,2.83,18,61.1,4.36,19,52.6,2.41,g55_18_1000,trail_8_5,PE,True
36,61.1,1.61,59.5,1.65,2.81,18,72.2,6.56,18,50.0,1.52,g58_22_1000,trail_8_5,PE,True
36,61.1,1.61,59.5,1.65,2.81,18,72.2,6.56,18,50.0,1.52,g60_22_1000,trail_8_5,PE,True
42,57.1,1.46,55.5,1.32,2.79,22,63.6,5.83,20,50.0,-0.35,g62_x_1000,mtm_8_6,PE,True
42,57.1,1.46,55.5,1.32,2.79,22,63.6,5.83,20,50.0,-0.35,g65_x_1000,mtm_8_6,PE,True
35,60.0,1.59,57.8,1.65,2.77,18,72.2,6.56,17,47.1,1.44,g62_22_1000,trail_8_5,PE,True
35,60.0,1.59,57.8,1.65,2.77,18,72.2,6.56,17,47.1,1.44,g65_22_1000,trail_8_5,PE,True
43,62.8,1.58,68.0,1.58,2.77,22,72.7,5.16,21,52.4,1.89,g58_x_1000,trail_8_5,PE,True
43,62.8,1.58,68.0,1.58,2.77,22,72.7,5.16,21,52.4,1.89,g60_x_1000,trail_8_5,PE,True
42,61.9,1.52,56.1,1.33,2.77,21,61.9,2.52,21,61.9,2.94,g58_18_1015,trail_6_3,PE,True
42,61.9,1.56,66.4,1.58,2.73,22,72.7,5.16,20,50.0,1.83,g62_x_1000,trail_8_5,PE,True
42,61.9,1.56,66.4,1.58,2.73,22,72.7,5.16,20,50.0,1.83,g65_x_1000,trail_8_5,PE,True
42,54.8,1.91,184.0,4.38,2.69,22,59.1,3.19,20,50.0,2.04,g62_x_1000,hold,PE,True
42,54.8,1.91,184.0,4.38,2.69,22,59.1,3.19,20,50.0,2.04,g65_x_1000,hold,PE,True
43,55.8,1.92,185.7,4.32,2.68,22,59.1,3.19,21,52.4,2.04,g58_x_1000,hold,PE,True
43,55.8,1.92,185.7,4.32,2.68,22,59.1,3.19,21,52.4,2.04,g60_x_1000,hold,PE,True
44,52.3,1.91,186.7,4.24,2.66,22,50.0,2.84,22,54.5,2.4,g55_30_1000,hold,PE,True
44,52.3,1.91,186.7,4.24,2.66,22,50.0,2.84,22,54.5,2.4,g55_35_1000,hold,PE,True
37,51.4,1.53,74.5,2.01,2.65,18,50.0,4.13,19,52.6,1.38,g55_18_1000,mtm_20_10,PE,True
46,60.9,1.47,56.6,1.23,2.57,23,60.9,2.16,23,60.9,2.91,g55_18_1015,trail_6_3,PE,True
45,60.0,1.47,57.6,1.28,2.56,23,56.5,0.95,22,63.6,4.06,g58_22_1015,trail_6_3,PE,True
37,56.8,1.48,49.1,1.33,2.5,18,61.1,4.65,19,52.6,1.61,g55_18_1000,trail_8_4,PE,True
47,53.2,1.83,181.1,3.85,2.49,24,54.2,2.9,23,52.2,1.97,g55_x_1000,hold,PE,True
40,55.0,1.51,57.6,1.44,2.49,21,57.1,3.04,19,52.6,2.41,g50_18_1000,trail_8_5,PE,True
47,59.6,1.5,65.8,1.4,2.48,24,66.7,4.06,23,52.2,1.96,g55_x_1000,trail_8_5,PE,True
43,62.8,1.47,55.5,1.29,2.48,22,72.7,5.4,21,52.4,1.1,g58_x_1000,trail_8_4,PE,True
43,62.8,1.47,55.5,1.29,2.48,22,72.7,5.4,21,52.4,1.1,g60_x_1000,trail_8_4,PE,True
40,57.5,1.51,57.2,1.43,2.47,20,65.0,5.04,20,50.0,1.62,g55_22_1000,trail_8_5,PE,True
36,61.1,1.48,46.9,1.3,2.47,18,72.2,6.87,18,50.0,0.55,g58_22_1000,trail_8_4,PE,True
36,61.1,1.48,46.9,1.3,2.47,18,72.2,6.87,18,50.0,0.55,g60_22_1000,trail_8_4,PE,True
32,56.2,1.68,98.2,3.07,2.45,16,56.2,0.45,16,56.2,3.46,g62_18_1000,hold,PE,True
32,56.2,1.68,98.2,3.07,2.45,16,56.2,0.45,16,56.2,3.46,g65_18_1000,hold,PE,True
33,57.6,1.69,99.9,3.03,2.45,16,56.2,0.45,17,58.8,3.42,g58_18_1000,hold,PE,True
33,57.6,1.69,99.9,3.03,2.45,16,56.2,0.45,17,58.8,3.42,g60_18_1000,hold,PE,True
42,61.9,1.46,53.8,1.28,2.43,22,72.7,5.4,20,50.0,1.0,g62_x_1000,trail_8_4,PE,True
42,61.9,1.46,53.8,1.28,2.43,22,72.7,5.4,20,50.0,1.0,g65_x_1000,trail_8_4,PE,True
35,60.0,1.46,45.3,1.29,2.42,18,72.2,6.87,17,47.1,0.43,g62_22_1000,trail_8_4,PE,True
35,60.0,1.46,45.3,1.29,2.42,18,72.2,6.87,17,47.1,0.43,g65_22_1000,trail_8_4,PE,True
49,59.2,1.43,58.2,1.19,2.4,25,56.0,0.72,24,62.5,3.94,g55_22_1015,trail_6_3,PE,True
45,57.8,1.42,54.9,1.22,2.36,22,54.5,0.67,23,60.9,3.79,g62_25_1015,trail_6_3,PE,True
45,57.8,1.42,54.9,1.22,2.36,22,54.5,0.67,23,60.9,3.79,g62_28_1015,trail_6_3,PE,True
45,57.8,1.42,54.9,1.22,2.36,22,54.5,0.67,23,60.9,3.79,g65_25_1015,trail_6_3,PE,True
45,57.8,1.42,54.9,1.22,2.36,22,54.5,0.67,23,60.9,3.79,g65_28_1015,trail_6_3,PE,True
46,58.7,1.42,55.5,1.21,2.36,22,54.5,0.67,24,62.5,3.76,g60_25_1015,trail_6_3,PE,True
46,58.7,1.42,55.5,1.21,2.36,22,54.5,0.67,24,62.5,3.76,g60_28_1015,trail_6_3,PE,True
36,55.6,1.38,39.3,1.09,2.35,18,61.1,5.79,18,50.0,-1.19,g58_22_1000,mtm_8_6,PE,True
36,55.6,1.38,39.3,1.09,2.35,18,61.1,5.79,18,50.0,-1.19,g60_22_1000,mtm_8_6,PE,True
42,57.1,1.37,44.9,1.07,2.35,21,52.4,1.99,21,61.9,2.72,g58_18_1015,mtm_8_6,PE,True
39,56.4,1.37,41.9,1.07,2.35,19,52.6,1.94,20,60.0,2.72,g62_18_1015,mtm_8_6,PE,True
39,56.4,1.37,41.9,1.07,2.35,19,52.6,1.94,20,60.0,2.72,g65_18_1015,mtm_8_6,PE,True
40,57.5,1.37,42.5,1.06,2.35,19,52.6,1.94,21,61.9,2.72,g60_18_1015,mtm_8_6,PE,True
40,60.0,1.47,55.3,1.38,2.34,20,70.0,4.47,20,50.0,1.57,g58_30_1000,trail_8_5,PE,True
40,60.0,1.47,55.3,1.38,2.34,20,70.0,4.47,20,50.0,1.57,g58_35_1000,trail_8_5,PE,True
40,60.0,1.47,55.3,1.38,2.34,20,70.0,4.47,20,50.0,1.57,g60_30_1000,trail_8_5,PE,True
40,60.0,1.47,55.3,1.38,2.34,20,70.0,4.47,20,50.0,1.57,g60_35_1000,trail_8_5,PE,True
48,60.4,1.41,52.7,1.1,2.32,25,60.0,1.68,23,60.9,2.91,g50_18_1015,trail_6_3,PE,True
39,59.0,1.46,53.7,1.38,2.3,20,70.0,4.47,19,47.4,1.49,g62_30_1000,trail_8_5,PE,True
39,59.0,1.46,53.7,1.38,2.3,20,70.0,4.47,19,47.4,1.49,g62_35_1000,trail_8_5,PE,True
39,59.0,1.46,53.7,1.38,2.3,20,70.0,4.47,19,47.4,1.49,g65_30_1000,trail_8_5,PE,True
39,59.0,1.46,53.7,1.38,2.3,20,70.0,4.47,19,47.4,1.49,g65_35_1000,trail_8_5,PE,True
46,56.5,1.36,48.3,1.05,2.3,23,52.2,1.95,23,60.9,2.65,g55_18_1015,mtm_8_6,PE,True
48,56.2,1.36,50.2,1.05,2.29,25,52.0,1.96,23,60.9,2.65,g50_18_1015,mtm_8_6,PE,True
35,54.3,1.37,37.6,1.07,2.28,18,61.1,5.79,17,47.1,-1.44,g62_22_1000,mtm_8_6,PE,True
35,54.3,1.37,37.6,1.07,2.28,18,61.1,5.79,17,47.1,-1.44,g65_22_1000,mtm_8_6,PE,True
39,59.0,1.45,52.7,1.35,2.26,19,68.4,4.19,20,50.0,1.57,g58_25_1000,trail_8_5,PE,True
39,59.0,1.45,52.7,1.35,2.26,19,68.4,4.19,20,50.0,1.57,g58_28_1000,trail_8_5,PE,True
39,59.0,1.45,52.7,1.35,2.26,19,68.4,4.19,20,50.0,1.57,g60_25_1000,trail_8_5,PE,True
39,59.0,1.45,52.7,1.35,2.26,19,68.4,4.19,20,50.0,1.57,g60_28_1000,trail_8_5,PE,True
47,55.3,1.36,49.0,1.04,2.23,24,58.3,4.3,23,52.2,0.11,g55_x_1000,mtm_8_6,PE,True
50,58.0,1.44,61.7,1.23,2.22,27,63.0,3.05,23,52.2,1.96,g50_x_1000,trail_8_5,PE,True
33,60.6,1.42,44.8,1.36,2.21,16,68.8,5.98,17,52.9,0.09,g58_18_1000,trail_10_4,PE,True
33,60.6,1.42,44.8,1.36,2.21,16,68.8,5.98,17,52.9,0.09,g60_18_1000,trail_10_4,PE,True
38,57.9,1.43,51.0,1.34,2.21,19,68.4,4.19,19,47.4,1.49,g62_25_1000,trail_8_5,PE,True
38,57.9,1.43,51.0,1.34,2.21,19,68.4,4.19,19,47.4,1.49,g62_28_1000,trail_8_5,PE,True
38,57.9,1.43,51.0,1.34,2.21,19,68.4,4.19,19,47.4,1.49,g65_25_1000,trail_8_5,PE,True
38,57.9,1.43,51.0,1.34,2.21,19,68.4,4.19,19,47.4,1.49,g65_28_1000,trail_8_5,PE,True
35,54.3,1.6,92.1,2.63,2.19,18,55.6,0.42,17,52.9,3.12,g62_22_1000,hold,PE,True
35,54.3,1.6,92.1,2.63,2.19,18,55.6,0.42,17,52.9,3.12,g65_22_1000,hold,PE,True
36,55.6,1.61,93.8,2.61,2.19,18,55.6,0.42,18,55.6,3.1,g58_22_1000,hold,PE,True
36,55.6,1.61,93.8,2.61,2.19,18,55.6,0.42,18,55.6,3.1,g60_22_1000,hold,PE,True
47,59.6,1.41,53.2,1.13,2.19,24,66.7,4.28,23,52.2,1.24,g55_x_1000,trail_8_4,PE,True
39,51.3,1.75,124.5,3.19,2.18,19,36.8,-3.07,20,65.0,3.88,g62_18_1015,hold,PE,True
39,51.3,1.75,124.5,3.19,2.18,19,36.8,-3.07,20,65.0,3.88,g65_18_1015,hold,PE,True
37,54.1,1.59,95.3,2.58,2.18,18,50.0,-0.22,19,57.9,3.24,g55_18_1000,hold,PE,True
40,52.5,1.37,51.7,1.29,2.18,20,55.0,4.0,20,50.0,0.63,g58_30_1000,mtm_12_8,PE,True
40,52.5,1.37,51.7,1.29,2.18,20,55.0,4.0,20,50.0,0.63,g58_35_1000,mtm_12_8,PE,True
40,52.5,1.37,51.7,1.29,2.18,20,55.0,4.0,20,50.0,0.63,g60_30_1000,mtm_12_8,PE,True
40,52.5,1.37,51.7,1.29,2.18,20,55.0,4.0,20,50.0,0.63,g60_35_1000,mtm_12_8,PE,True
43,55.8,1.43,53.2,1.24,2.17,23,60.9,3.65,20,50.0,1.62,g50_22_1000,trail_8_5,PE,True
51,58.8,1.38,54.2,1.06,2.17,27,55.6,0.36,24,62.5,3.94,g50_22_1015,trail_6_3,PE,True
40,55.0,1.34,41.4,1.03,2.17,20,60.0,5.4,20,50.0,-1.14,g58_30_1000,mtm_8_6,PE,True
40,55.0,1.34,41.4,1.03,2.17,20,60.0,5.4,20,50.0,-1.14,g58_35_1000,mtm_8_6,PE,True
40,55.0,1.34,41.4,1.03,2.17,20,60.0,5.4,20,50.0,-1.14,g60_30_1000,mtm_8_6,PE,True
40,55.0,1.34,41.4,1.03,2.17,20,60.0,5.4,20,50.0,-1.14,g60_35_1000,mtm_8_6,PE,True
40,52.5,1.75,125.1,3.13,2.16,19,36.8,-3.07,21,66.7,3.8,g60_18_1015,hold,PE,True
32,59.4,1.4,43.1,1.35,2.16,16,68.8,5.98,16,50.0,-0.05,g62_18_1000,trail_10_4,PE,True
32,59.4,1.4,43.1,1.35,2.16,16,68.8,5.98,16,50.0,-0.05,g65_18_1000,trail_10_4,PE,True
40,55.0,1.4,45.0,1.13,2.15,21,57.1,3.29,19,52.6,1.61,g50_18_1000,trail_8_4,PE,True
39,51.3,1.36,50.0,1.28,2.14,20,55.0,4.0,19,47.4,0.52,g62_30_1000,mtm_12_8,PE,True
39,51.3,1.36,50.0,1.28,2.14,20,55.0,4.0,19,47.4,0.52,g62_35_1000,mtm_12_8,PE,True
39,51.3,1.36,50.0,1.28,2.14,20,55.0,4.0,19,47.4,0.52,g65_30_1000,mtm_12_8,PE,True
39,51.3,1.36,50.0,1.28,2.14,20,55.0,4.0,19,47.4,0.52,g65_35_1000,mtm_12_8,PE,True
40,57.5,1.4,44.7,1.12,2.14,20,65.0,5.31,20,50.0,0.76,g55_22_1000,trail_8_4,PE,True
48,58.3,1.37,51.4,1.07,2.12,24,54.2,0.26,24,62.5,3.76,g58_25_1015,trail_6_3,PE,True
48,58.3,1.37,51.4,1.07,2.12,24,54.2,0.26,24,62.5,3.76,g58_28_1015,trail_6_3,PE,True
36,52.8,1.37,43.4,1.21,2.11,18,55.6,4.17,18,50.0,0.45,g58_22_1000,mtm_12_8,PE,True
36,52.8,1.37,43.4,1.21,2.11,18,55.6,4.17,18,50.0,0.45,g60_22_1000,mtm_12_8,PE,True
39,53.8,1.33,39.7,1.02,2.11,20,60.0,5.4,19,47.4,-1.35,g62_30_1000,mtm_8_6,PE,True
39,53.8,1.33,39.7,1.02,2.11,20,60.0,5.4,19,47.4,-1.35,g62_35_1000,mtm_8_6,PE,True
39,53.8,1.33,39.7,1.02,2.11,20,60.0,5.4,19,47.4,-1.35,g65_30_1000,mtm_8_6,PE,True
39,53.8,1.33,39.7,1.02,2.11,20,60.0,5.4,19,47.4,-1.35,g65_35_1000,mtm_8_6,PE,True
44,56.8,1.4,53.1,1.21,2.08,22,63.6,3.37,22,50.0,1.66,g55_30_1000,trail_8_5,PE,True
44,56.8,1.4,53.1,1.21,2.08,22,63.6,3.37,22,50.0,1.66,g55_35_1000,trail_8_5,PE,True
35,51.4,1.35,41.7,1.19,2.05,18,55.6,4.17,17,47.1,0.32,g62_22_1000,mtm_12_8,PE,True
35,51.4,1.35,41.7,1.19,2.05,18,55.6,4.17,17,47.1,0.32,g65_22_1000,mtm_12_8,PE,True
47,57.4,1.35,49.1,1.04,2.05,23,52.2,0.07,24,62.5,3.76,g60_30_1015,trail_6_3,PE,True
47,57.4,1.35,49.1,1.04,2.05,23,52.2,0.07,24,62.5,3.76,g60_35_1015,trail_6_3,PE,True
46,56.5,1.35,48.5,1.05,2.04,23,52.2,0.07,23,60.9,3.79,g62_30_1015,trail_6_3,PE,True
46,56.5,1.35,48.5,1.05,2.04,23,52.2,0.07,23,60.9,3.79,g62_35_1015,trail_6_3,PE,True
46,56.5,1.35,48.5,1.05,2.04,23,52.2,0.07,23,60.9,3.79,g65_30_1015,trail_6_3,PE,True
46,56.5,1.35,48.5,1.05,2.04,23,52.2,0.07,23,60.9,3.79,g65_35_1015,trail_6_3,PE,True
40,50.0,1.63,87.4,2.18,3.06,20,50.0,4.45,20,50.0,1.58,g58_30_1000,mtm_16_8,PE,False
40,50.0,1.63,87.4,2.18,3.06,20,50.0,4.45,20,50.0,1.58,g58_35_1000,mtm_16_8,PE,False
40,50.0,1.63,87.4,2.18,3.06,20,50.0,4.45,20,50.0,1.58,g60_30_1000,mtm_16_8,PE,False
40,50.0,1.63,87.4,2.18,3.06,20,50.0,4.45,20,50.0,1.58,g60_35_1000,mtm_16_8,PE,False
39,48.7,1.61,85.7,2.2,3.04,20,50.0,4.45,19,47.4,1.5,g62_30_1000,mtm_16_8,PE,False
39,48.7,1.61,85.7,2.2,3.04,20,50.0,4.45,19,47.4,1.5,g62_35_1000,mtm_16_8,PE,False
39,48.7,1.61,85.7,2.2,3.04,20,50.0,4.45,19,47.4,1.5,g65_30_1000,mtm_16_8,PE,False
39,48.7,1.61,85.7,2.2,3.04,20,50.0,4.45,19,47.4,1.5,g65_35_1000,mtm_16_8,PE,False
42,50.0,1.57,83.8,2.0,2.83,22,54.5,4.7,20,45.0,0.83,g62_x_1000,mtm_16_8,PE,False
42,50.0,1.57,83.8,2.0,2.83,22,54.5,4.7,20,45.0,0.83,g65_x_1000,mtm_16_8,PE,False
44,47.7,1.55,85.1,1.93,2.78,22,45.5,3.82,22,50.0,1.68,g55_30_1000,mtm_16_8,PE,False
44,47.7,1.55,85.1,1.93,2.78,22,45.5,3.82,22,50.0,1.68,g55_35_1000,mtm_16_8,PE,False
36,50.0,1.57,68.7,1.91,2.78,18,50.0,4.26,18,50.0,1.27,g58_22_1000,mtm_16_8,PE,False
36,50.0,1.57,68.7,1.91,2.78,18,50.0,4.26,18,50.0,1.27,g60_22_1000,mtm_16_8,PE,False
35,48.6,1.56,67.0,1.92,2.75,18,50.0,4.26,17,47.1,1.17,g62_22_1000,mtm_16_8,PE,False
35,48.6,1.56,67.0,1.92,2.75,18,50.0,4.26,17,47.1,1.17,g65_22_1000,mtm_16_8,PE,False
40,47.5,1.53,69.7,1.74,2.63,21,42.9,2.89,19,52.6,2.27,g50_18_1000,mtm_16_8,PE,False
47,48.9,1.51,83.2,1.77,2.6,24,50.0,4.08,23,47.8,1.07,g55_x_1000,mtm_16_8,PE,False
40,47.5,1.5,66.5,1.66,2.49,20,45.0,3.55,20,50.0,1.41,g55_22_1000,mtm_16_8,PE,False
39,48.7,1.47,65.6,1.68,2.42,19,47.4,3.27,20,50.0,1.58,g58_25_1000,mtm_16_8,PE,False
39,48.7,1.47,65.6,1.68,2.42,19,47.4,3.27,20,50.0,1.58,g58_28_1000,mtm_16_8,PE,False
39,48.7,1.47,65.6,1.68,2.42,19,47.4,3.27,20,50.0,1.58,g60_25_1000,mtm_16_8,PE,False
39,48.7,1.47,65.6,1.68,2.42,19,47.4,3.27,20,50.0,1.58,g60_28_1000,mtm_16_8,PE,False
38,47.4,1.46,64.0,1.68,2.39,19,47.4,3.27,19,47.4,1.5,g62_25_1000,mtm_16_8,PE,False
38,47.4,1.46,64.0,1.68,2.39,19,47.4,3.27,19,47.4,1.5,g62_28_1000,mtm_16_8,PE,False
38,47.4,1.46,64.0,1.68,2.39,19,47.4,3.27,19,47.4,1.5,g65_25_1000,mtm_16_8,PE,False
38,47.4,1.46,64.0,1.68,2.39,19,47.4,3.27,19,47.4,1.5,g65_28_1000,mtm_16_8,PE,False
47,48.9,1.73,165.1,3.51,2.26,25,44.0,2.1,22,54.5,2.4,g50_30_1000,hold,PE,False
47,48.9,1.73,165.1,3.51,2.26,25,44.0,2.1,22,54.5,2.4,g50_35_1000,hold,PE,False
46,47.8,1.73,155.7,3.38,2.24,23,34.8,0.82,23,60.9,3.15,g62_30_1015,hold,PE,False
46,47.8,1.73,155.7,3.38,2.24,23,34.8,0.82,23,60.9,3.15,g62_35_1015,hold,PE,False
46,47.8,1.73,155.7,3.38,2.24,23,34.8,0.82,23,60.9,3.15,g65_30_1015,hold,PE,False
46,47.8,1.73,155.7,3.38,2.24,23,34.8,0.82,23,60.9,3.15,g65_35_1015,hold,PE,False
47,48.9,1.74,156.3,3.33,2.23,23,34.8,0.82,24,62.5,3.09,g60_30_1015,hold,PE,False
47,48.9,1.74,156.3,3.33,2.23,23,34.8,0.82,24,62.5,3.09,g60_35_1015,hold,PE,False
40,50.0,1.42,69.5,1.74,2.21,20,50.0,3.58,20,50.0,0.86,g58_30_1000,mtm_20_10,PE,False
40,50.0,1.42,69.5,1.74,2.21,20,50.0,3.58,20,50.0,0.86,g58_35_1000,mtm_20_10,PE,False
40,50.0,1.42,69.5,1.74,2.21,20,50.0,3.58,20,50.0,0.86,g60_30_1000,mtm_20_10,PE,False
40,50.0,1.42,69.5,1.74,2.21,20,50.0,3.58,20,50.0,0.86,g60_35_1000,mtm_20_10,PE,False
39,48.7,1.41,67.8,1.74,2.18,20,50.0,3.58,19,47.4,0.77,g62_30_1000,mtm_20_10,PE,False
39,48.7,1.41,67.8,1.74,2.18,20,50.0,3.58,19,47.4,0.77,g62_35_1000,mtm_20_10,PE,False
39,48.7,1.41,67.8,1.74,2.18,20,50.0,3.58,19,47.4,0.77,g65_30_1000,mtm_20_10,PE,False
39,48.7,1.41,67.8,1.74,2.18,20,50.0,3.58,19,47.4,0.77,g65_35_1000,mtm_20_10,PE,False
43,46.5,1.41,63.4,1.47,2.17,21,42.9,2.67,22,50.0,1.68,g55_25_1000,mtm_16_8,PE,False
43,46.5,1.41,63.4,1.47,2.17,21,42.9,2.67,22,50.0,1.68,g55_28_1000,mtm_16_8,PE,False
50,50.0,1.66,159.5,3.19,2.11,27,48.1,2.19,23,52.2,1.97,g50_x_1000,hold,PE,False
36,50.0,1.39,56.9,1.58,2.05,18,50.0,3.39,18,50.0,0.81,g58_22_1000,mtm_20_10,PE,False
36,50.0,1.39,56.9,1.58,2.05,18,50.0,3.39,18,50.0,0.81,g60_22_1000,mtm_20_10,PE,False
47,44.7,1.39,66.3,1.41,2.05,25,40.0,2.34,22,50.0,1.68,g50_30_1000,mtm_16_8,PE,False
47,44.7,1.39,66.3,1.41,2.05,25,40.0,2.34,22,50.0,1.68,g50_35_1000,mtm_16_8,PE,False
35,48.6,1.38,55.2,1.58,2.02,18,50.0,3.39,17,47.1,0.71,g62_22_1000,mtm_20_10,PE,False
35,48.6,1.38,55.2,1.58,2.02,18,50.0,3.39,17,47.1,0.71,g65_22_1000,mtm_20_10,PE,False
50,56.0,1.34,50.5,1.01,2.0,26,53.8,0.84,24,58.3,3.05,g62_x_1015,trail_6_3,PE,False
50,56.0,1.34,50.5,1.01,2.0,26,53.8,0.84,24,58.3,3.05,g65_x_1015,trail_6_3,PE,False
52,57.7,1.34,52.0,1.0,2.0,26,53.8,0.09,26,61.5,3.67,g55_25_1015,trail_6_3,PE,False
52,57.7,1.34,52.0,1.0,2.0,26,53.8,0.09,26,61.5,3.67,g55_28_1015,trail_6_3,PE,False
51,56.9,1.35,51.1,1.0,2.0,26,53.8,0.84,25,60.0,3.03,g60_x_1015,trail_6_3,PE,False
43,55.8,1.38,50.4,1.17,1.99,21,61.9,3.09,22,50.0,1.66,g55_25_1000,trail_8_5,PE,False
43,55.8,1.38,50.4,1.17,1.99,21,61.9,3.09,22,50.0,1.66,g55_28_1000,trail_8_5,PE,False
43,53.5,1.34,49.8,1.16,1.99,22,59.1,4.41,21,47.6,-0.04,g58_x_1000,mtm_12_8,PE,False
43,53.5,1.34,49.8,1.16,1.99,22,59.1,4.41,21,47.6,-0.04,g60_x_1000,mtm_12_8,PE,False
40,60.0,1.36,42.8,1.07,1.99,20,70.0,4.73,20,50.0,0.71,g58_30_1000,trail_8_4,PE,False
40,60.0,1.36,42.8,1.07,1.99,20,70.0,4.73,20,50.0,0.71,g58_35_1000,trail_8_4,PE,False
40,60.0,1.36,42.8,1.07,1.99,20,70.0,4.73,20,50.0,0.71,g60_30_1000,trail_8_4,PE,False
40,60.0,1.36,42.8,1.07,1.99,20,70.0,4.73,20,50.0,0.71,g60_35_1000,trail_8_4,PE,False
50,48.0,1.62,142.7,2.85,1.96,26,38.5,0.88,24,58.3,2.7,g62_x_1015,hold,PE,False
50,48.0,1.62,142.7,2.85,1.96,26,38.5,0.88,24,58.3,2.7,g65_x_1015,hold,PE,False
40,52.5,1.52,89.2,2.23,1.96,20,50.0,-0.22,20,55.0,2.95,g55_22_1000,hold,PE,False
51,49.0,1.63,143.3,2.81,1.95,26,38.5,0.88,25,60.0,2.66,g60_x_1015,hold,PE,False
42,52.4,1.33,48.1,1.15,1.95,22,59.1,4.41,20,45.0,-0.17,g62_x_1000,mtm_12_8,PE,False
42,52.4,1.33,48.1,1.15,1.95,22,59.1,4.41,20,45.0,-0.17,g65_x_1000,mtm_12_8,PE,False
39,59.0,1.35,41.1,1.05,1.94,20,70.0,4.73,19,47.4,0.6,g62_30_1000,trail_8_4,PE,False
39,59.0,1.35,41.1,1.05,1.94,20,70.0,4.73,19,47.4,0.6,g62_35_1000,trail_8_4,PE,False
39,59.0,1.35,41.1,1.05,1.94,20,70.0,4.73,19,47.4,0.6,g65_30_1000,trail_8_4,PE,False
39,59.0,1.35,41.1,1.05,1.94,20,70.0,4.73,19,47.4,0.6,g65_35_1000,trail_8_4,PE,False
44,50.0,1.33,49.4,1.12,1.93,22,50.0,3.26,22,50.0,0.83,g55_30_1000,mtm_12_8,PE,False
44,50.0,1.33,49.4,1.12,1.93,22,50.0,3.26,22,50.0,0.83,g55_35_1000,mtm_12_8,PE,False
49,46.9,1.6,138.3,2.82,1.92,25,32.0,0.05,24,62.5,3.09,g58_30_1015,hold,PE,False
49,46.9,1.6,138.3,2.82,1.92,25,32.0,0.05,24,62.5,3.09,g58_35_1015,hold,PE,False
50,58.0,1.35,49.2,0.98,1.92,27,63.0,3.24,23,52.2,1.24,g50_x_1000,trail_8_4,PE,False
43,51.2,1.35,63.3,1.47,1.91,22,54.5,3.84,21,47.6,0.05,g58_x_1000,mtm_20_10,PE,False
43,51.2,1.35,63.3,1.47,1.91,22,54.5,3.84,21,47.6,0.05,g60_x_1000,mtm_20_10,PE,False
50,46.0,1.36,64.4,1.29,1.91,27,44.4,2.64,23,47.8,1.07,g50_x_1000,mtm_16_8,PE,False
42,47.6,1.64,113.3,2.7,1.9,21,33.3,-3.59,21,61.9,3.67,g62_22_1015,hold,PE,False
42,47.6,1.64,113.3,2.7,1.9,21,33.3,-3.59,21,61.9,3.67,g65_22_1015,hold,PE,False
43,48.8,1.64,113.9,2.65,1.89,21,33.3,-3.59,22,63.6,3.6,g60_22_1015,hold,PE,False
39,59.0,1.34,40.1,1.03,1.89,19,68.4,4.46,20,50.0,0.71,g58_25_1000,trail_8_4,PE,False
39,59.0,1.34,40.1,1.03,1.89,19,68.4,4.46,20,50.0,0.71,g58_28_1000,trail_8_4,PE,False
39,59.0,1.34,40.1,1.03,1.89,19,68.4,4.46,20,50.0,0.71,g60_25_1000,trail_8_4,PE,False
39,59.0,1.34,40.1,1.03,1.89,19,68.4,4.46,20,50.0,0.71,g60_28_1000,trail_8_4,PE,False
42,50.0,1.34,61.7,1.47,1.88,22,54.5,3.84,20,45.0,-0.05,g62_x_1000,mtm_20_10,PE,False
42,50.0,1.34,61.7,1.47,1.88,22,54.5,3.84,20,45.0,-0.05,g65_x_1000,mtm_20_10,PE,False
47,48.9,1.32,51.3,1.09,1.88,25,48.0,2.99,22,50.0,0.83,g50_30_1000,mtm_12_8,PE,False
47,48.9,1.32,51.3,1.09,1.88,25,48.0,2.99,22,50.0,0.83,g50_35_1000,mtm_12_8,PE,False
50,54.0,1.29,43.8,0.88,1.87,27,55.6,3.38,23,52.2,0.11,g50_x_1000,mtm_8_6,PE,False
51,54.9,1.28,43.9,0.86,1.87,27,48.1,0.7,24,62.5,3.34,g50_22_1015,mtm_8_6,PE,False
45,55.6,1.29,38.6,0.86,1.87,23,47.8,0.51,22,63.6,3.47,g58_22_1015,mtm_8_6,PE,False
53,47.2,1.58,139.6,2.63,1.86,27,33.3,0.07,26,61.5,2.98,g55_30_1015,hold,PE,False
53,47.2,1.58,139.6,2.63,1.86,27,33.3,0.07,26,61.5,2.98,g55_35_1015,hold,PE,False
44,47.7,1.34,63.0,1.43,1.86,22,45.5,3.03,22,50.0,0.75,g55_30_1000,mtm_20_10,PE,False
44,47.7,1.34,63.0,1.43,1.86,22,45.5,3.03,22,50.0,0.75,g55_35_1000,mtm_20_10,PE,False
33,54.5,1.29,28.4,0.86,1.86,16,56.2,4.17,17,52.9,-0.46,g58_18_1000,mtm_8_6,PE,False
33,54.5,1.29,28.4,0.86,1.86,16,56.2,4.17,17,52.9,-0.46,g60_18_1000,mtm_8_6,PE,False
49,55.1,1.28,42.0,0.86,1.86,25,48.0,0.6,24,62.5,3.34,g55_22_1015,mtm_8_6,PE,False
38,57.9,1.33,38.4,1.01,1.84,19,68.4,4.46,19,47.4,0.6,g62_25_1000,trail_8_4,PE,False
38,57.9,1.33,38.4,1.01,1.84,19,68.4,4.46,19,47.4,0.6,g62_28_1000,trail_8_4,PE,False
38,57.9,1.33,38.4,1.01,1.84,19,68.4,4.46,19,47.4,0.6,g65_25_1000,trail_8_4,PE,False
38,57.9,1.33,38.4,1.01,1.84,19,68.4,4.46,19,47.4,0.6,g65_28_1000,trail_8_4,PE,False
43,55.8,1.28,36.1,0.84,1.84,21,47.6,0.32,22,63.6,3.47,g60_22_1015,mtm_8_6,PE,False
40,50.0,1.31,41.1,1.03,1.83,20,50.0,3.3,20,50.0,0.68,g55_22_1000,mtm_12_8,PE,False
43,55.8,1.33,40.6,0.95,1.83,23,60.9,3.88,20,50.0,0.76,g50_22_1000,trail_8_4,PE,False
42,54.8,1.28,35.5,0.85,1.83,21,47.6,0.32,21,61.9,3.48,g62_22_1015,mtm_8_6,PE,False
42,54.8,1.28,35.5,0.85,1.83,21,47.6,0.32,21,61.9,3.48,g65_22_1015,mtm_8_6,PE,False
47,55.3,1.35,49.0,1.04,1.82,25,60.0,2.42,22,50.0,1.66,g50_30_1000,trail_8_5,PE,False
47,55.3,1.35,49.0,1.04,1.82,25,60.0,2.42,22,50.0,1.66,g50_35_1000,trail_8_5,PE,False
49,57.1,1.31,45.0,0.92,1.82,25,52.0,-0.29,24,62.5,3.76,g58_30_1015,trail_6_3,PE,False
49,57.1,1.31,45.0,0.92,1.82,25,52.0,-0.29,24,62.5,3.76,g58_35_1015,trail_6_3,PE,False
40,47.5,1.34,54.1,1.35,1.81,21,42.9,2.22,19,52.6,1.38,g50_18_1000,mtm_20_10,PE,False
42,50.0,1.58,107.1,2.55,1.79,21,33.3,-4.55,21,66.7,3.8,g58_18_1015,hold,PE,False
54,57.4,1.3,48.0,0.89,1.79,28,53.6,-0.22,26,61.5,3.67,g50_25_1015,trail_6_3,PE,False
54,57.4,1.3,48.0,0.89,1.79,28,53.6,-0.22,26,61.5,3.67,g50_28_1015,trail_6_3,PE,False
53,56.6,1.31,46.9,0.89,1.79,28,53.6,0.47,25,60.0,3.03,g58_x_1015,trail_6_3,PE,False
43,48.8,1.3,43.0,1.0,1.78,23,47.8,2.98,20,50.0,0.68,g50_22_1000,mtm_12_8,PE,False
47,51.1,1.3,47.5,1.01,1.77,24,54.2,3.68,23,47.8,0.2,g55_x_1000,mtm_12_8,PE,False
32,53.1,1.28,26.8,0.84,1.77,16,56.2,4.17,16,50.0,-0.7,g62_18_1000,mtm_8_6,PE,False
32,53.1,1.28,26.8,0.84,1.77,16,56.2,4.17,16,50.0,-0.7,g65_18_1000,mtm_8_6,PE,False
46,54.3,1.33,46.4,1.01,1.74,24,58.3,2.16,22,50.0,1.66,g50_25_1000,trail_8_5,PE,False
46,54.3,1.33,46.4,1.01,1.74,24,58.3,2.16,22,50.0,1.66,g50_28_1000,trail_8_5,PE,False
46,50.0,1.55,108.4,2.36,1.73,23,34.8,-4.24,23,65.2,3.64,g55_18_1015,hold,PE,False
47,59.6,1.38,68.4,1.46,1.73,24,70.8,5.09,23,47.8,-4.35,g58_x_0945,trail_10_4,PE,False
47,59.6,1.38,68.4,1.46,1.73,24,70.8,5.09,23,47.8,-4.35,g60_x_0945,trail_10_4,PE,False
50,50.0,1.29,49.4,0.99,1.73,27,51.9,3.37,23,47.8,0.2,g50_x_1000,mtm_12_8,PE,False
44,56.8,1.31,40.5,0.92,1.73,22,63.6,3.61,22,50.0,0.88,g55_30_1000,trail_8_4,PE,False
44,56.8,1.31,40.5,0.92,1.73,22,63.6,3.61,22,50.0,0.88,g55_35_1000,trail_8_4,PE,False
53,56.6,1.29,45.5,0.86,1.72,27,51.9,-0.42,26,61.5,3.67,g55_30_1015,trail_6_3,PE,False
53,56.6,1.29,45.5,0.86,1.72,27,51.9,-0.42,26,61.5,3.67,g55_35_1015,trail_6_3,PE,False
46,58.7,1.37,67.0,1.46,1.71,24,70.8,5.09,22,45.5,-4.58,g62_x_0945,trail_10_4,PE,False
46,58.7,1.37,67.0,1.46,1.71,24,70.8,5.09,22,45.5,-4.58,g65_x_0945,trail_10_4,PE,False
37,56.8,1.31,38.3,1.04,1.7,18,61.1,4.73,19,52.6,0.03,g55_18_1000,trail_10_4,PE,False
57,56.1,1.28,47.5,0.83,1.7,30,53.3,0.31,27,59.3,3.0,g55_x_1015,trail_6_3,PE,False
43,58.1,1.37,63.2,1.47,1.69,21,71.4,5.71,22,45.5,-5.32,g58_30_0945,trail_10_4,PE,False
43,58.1,1.37,63.2,1.47,1.69,21,71.4,5.71,22,45.5,-5.32,g58_35_0945,trail_10_4,PE,False
43,58.1,1.37,63.2,1.47,1.69,21,71.4,5.71,22,45.5,-5.32,g60_30_0945,trail_10_4,PE,False
43,58.1,1.37,63.2,1.47,1.69,21,71.4,5.71,22,45.5,-5.32,g60_35_0945,trail_10_4,PE,False
43,44.2,1.31,47.6,1.11,1.68,23,39.1,1.9,20,50.0,1.41,g50_22_1000,mtm_16_8,PE,False
40,52.5,1.26,31.2,0.78,1.68,20,55.0,4.0,20,50.0,-0.73,g55_22_1000,mtm_8_6,PE,False
42,57.1,1.36,61.7,1.47,1.67,21,71.4,5.71,21,42.9,-5.6,g62_30_0945,trail_10_4,PE,False
42,57.1,1.36,61.7,1.47,1.67,21,71.4,5.71,21,42.9,-5.6,g62_35_0945,trail_10_4,PE,False
42,57.1,1.36,61.7,1.47,1.67,21,71.4,5.71,21,42.9,-5.6,g65_30_0945,trail_10_4,PE,False
42,57.1,1.36,61.7,1.47,1.67,21,71.4,5.71,21,42.9,-5.6,g65_35_0945,trail_10_4,PE,False
40,47.5,1.31,50.4,1.26,1.67,20,45.0,2.77,20,50.0,0.69,g55_22_1000,mtm_20_10,PE,False
39,51.3,1.28,42.3,1.09,1.67,19,47.4,2.39,20,55.0,0.99,g62_18_1015,mtm_16_8,PE,False
39,51.3,1.28,42.3,1.09,1.67,19,47.4,2.39,20,55.0,0.99,g65_18_1015,mtm_16_8,PE,False
40,52.5,1.28,42.9,1.07,1.67,19,47.4,2.39,21,57.1,1.01,g60_18_1015,mtm_16_8,PE,False
39,53.8,1.26,30.9,0.79,1.67,19,57.9,4.55,20,50.0,-1.14,g58_25_1000,mtm_8_6,PE,False
39,53.8,1.26,30.9,0.79,1.67,19,57.9,4.55,20,50.0,-1.14,g58_28_1000,mtm_8_6,PE,False
39,53.8,1.26,30.9,0.79,1.67,19,57.9,4.55,20,50.0,-1.14,g60_25_1000,mtm_8_6,PE,False
39,53.8,1.26,30.9,0.79,1.67,19,57.9,4.55,20,50.0,-1.14,g60_28_1000,mtm_8_6,PE,False
53,47.2,1.51,125.3,2.36,1.66,28,35.7,0.15,25,60.0,2.66,g58_x_1015,hold,PE,False
42,50.0,1.27,45.0,1.07,1.64,21,42.9,1.16,21,57.1,2.05,g62_22_1015,mtm_16_8,PE,False
42,50.0,1.27,45.0,1.07,1.64,21,42.9,1.16,21,57.1,2.05,g65_22_1015,mtm_16_8,PE,False
43,51.2,1.28,45.6,1.06,1.64,21,42.9,1.16,22,59.1,2.04,g60_22_1015,mtm_16_8,PE,False
43,55.8,1.29,37.9,0.88,1.64,21,61.9,3.33,22,50.0,0.88,g55_25_1000,trail_8_4,PE,False
43,55.8,1.29,37.9,0.88,1.64,21,61.9,3.33,22,50.0,0.88,g55_28_1000,trail_8_4,PE,False
39,53.8,1.26,37.2,0.95,1.63,19,52.6,3.55,20,55.0,-0.21,g62_18_1015,mtm_12_8,PE,False
39,53.8,1.26,37.2,0.95,1.63,19,52.6,3.55,20,55.0,-0.21,g65_18_1015,mtm_12_8,PE,False
40,55.0,1.27,37.8,0.94,1.63,19,52.6,3.55,21,57.1,-0.16,g60_18_1015,mtm_12_8,PE,False
55,45.5,1.48,124.3,2.26,1.62,29,31.0,-0.49,26,61.5,2.98,g50_30_1015,hold,PE,False
55,45.5,1.48,124.3,2.26,1.62,29,31.0,-0.49,26,61.5,2.98,g50_35_1015,hold,PE,False
57,47.4,1.49,126.6,2.22,1.62,30,36.7,0.17,27,59.3,2.56,g55_x_1015,hold,PE,False
40,50.0,1.4,73.7,1.84,1.61,21,42.9,-2.28,19,57.9,3.24,g50_18_1000,hold,PE,False
39,51.3,1.27,36.7,0.94,1.61,19,52.6,2.87,20,50.0,0.63,g58_25_1000,mtm_12_8,PE,False
39,51.3,1.27,36.7,0.94,1.61,19,52.6,2.87,20,50.0,0.63,g58_28_1000,mtm_12_8,PE,False
39,51.3,1.27,36.7,0.94,1.61,19,52.6,2.87,20,50.0,0.63,g60_25_1000,mtm_12_8,PE,False
39,51.3,1.27,36.7,0.94,1.61,19,52.6,2.87,20,50.0,0.63,g60_28_1000,mtm_12_8,PE,False
47,48.9,1.29,56.9,1.21,1.6,24,50.0,3.31,23,47.8,0.01,g55_x_1000,mtm_20_10,PE,False
38,52.6,1.24,29.2,0.77,1.6,19,57.9,4.55,19,47.4,-1.35,g62_25_1000,mtm_8_6,PE,False
38,52.6,1.24,29.2,0.77,1.6,19,57.9,4.55,19,47.4,-1.35,g62_28_1000,mtm_8_6,PE,False
38,52.6,1.24,29.2,0.77,1.6,19,57.9,4.55,19,47.4,-1.35,g65_25_1000,mtm_8_6,PE,False
38,52.6,1.24,29.2,0.77,1.6,19,57.9,4.55,19,47.4,-1.35,g65_28_1000,mtm_8_6,PE,False
39,48.7,1.29,47.7,1.22,1.59,19,47.4,2.39,20,50.0,0.86,g58_25_1000,mtm_20_10,PE,False
39,48.7,1.29,47.7,1.22,1.59,19,47.4,2.39,20,50.0,0.86,g58_28_1000,mtm_20_10,PE,False
39,48.7,1.29,47.7,1.22,1.59,19,47.4,2.39,20,50.0,0.86,g60_25_1000,mtm_20_10,PE,False
39,48.7,1.29,47.7,1.22,1.59,19,47.4,2.39,20,50.0,0.86,g60_28_1000,mtm_20_10,PE,False
44,52.3,1.24,33.3,0.76,1.59,22,54.5,3.85,22,50.0,-0.74,g55_30_1000,mtm_8_6,PE,False
44,52.3,1.24,33.3,0.76,1.59,22,54.5,3.85,22,50.0,-0.74,g55_35_1000,mtm_8_6,PE,False
38,47.4,1.28,46.1,1.21,1.56,19,47.4,2.39,19,47.4,0.77,g62_25_1000,mtm_20_10,PE,False
38,47.4,1.28,46.1,1.21,1.56,19,47.4,2.39,19,47.4,0.77,g62_28_1000,mtm_20_10,PE,False
38,47.4,1.28,46.1,1.21,1.56,19,47.4,2.39,19,47.4,0.77,g65_25_1000,mtm_20_10,PE,False
38,47.4,1.28,46.1,1.21,1.56,19,47.4,2.39,19,47.4,0.77,g65_28_1000,mtm_20_10,PE,False
38,50.0,1.25,35.0,0.92,1.56,19,52.6,2.87,19,47.4,0.52,g62_25_1000,mtm_12_8,PE,False
38,50.0,1.25,35.0,0.92,1.56,19,52.6,2.87,19,47.4,0.52,g62_28_1000,mtm_12_8,PE,False
38,50.0,1.25,35.0,0.92,1.56,19,52.6,2.87,19,47.4,0.52,g65_25_1000,mtm_12_8,PE,False
38,50.0,1.25,35.0,0.92,1.56,19,52.6,2.87,19,47.4,0.52,g65_28_1000,mtm_12_8,PE,False
45,46.7,1.49,95.9,2.13,1.55,23,30.4,-4.96,22,63.6,3.6,g58_22_1015,hold,PE,False
39,53.8,1.37,70.6,1.81,1.53,19,52.6,-0.89,20,55.0,2.5,g58_25_1000,hold,PE,False
39,53.8,1.37,70.6,1.81,1.53,19,52.6,-0.89,20,55.0,2.5,g58_28_1000,hold,PE,False
39,53.8,1.37,70.6,1.81,1.53,19,52.6,-0.89,20,55.0,2.5,g60_25_1000,hold,PE,False
39,53.8,1.37,70.6,1.81,1.53,19,52.6,-0.89,20,55.0,2.5,g60_28_1000,hold,PE,False
55,56.4,1.25,41.6,0.76,1.53,29,51.7,-0.7,26,61.5,3.67,g50_30_1015,trail_6_3,PE,False
55,56.4,1.25,41.6,0.76,1.53,29,51.7,-0.7,26,61.5,3.67,g50_35_1015,trail_6_3,PE,False
59,55.9,1.25,43.5,0.74,1.52,32,53.1,0.02,27,59.3,3.0,g50_x_1015,trail_6_3,PE,False
38,52.6,1.36,69.0,1.82,1.51,19,52.6,-0.89,19,52.6,2.51,g62_25_1000,hold,PE,False
38,52.6,1.36,69.0,1.82,1.51,19,52.6,-0.89,19,52.6,2.51,g62_28_1000,hold,PE,False
38,52.6,1.36,69.0,1.82,1.51,19,52.6,-0.89,19,52.6,2.51,g65_25_1000,hold,PE,False
38,52.6,1.36,69.0,1.82,1.51,19,52.6,-0.89,19,52.6,2.51,g65_28_1000,hold,PE,False
49,46.9,1.47,97.2,1.98,1.5,25,32.0,-4.65,24,62.5,3.45,g55_22_1015,hold,PE,False
47,55.3,1.26,36.5,0.78,1.48,25,60.0,2.63,22,50.0,0.88,g50_30_1000,trail_8_4,PE,False
47,55.3,1.26,36.5,0.78,1.48,25,60.0,2.63,22,50.0,0.88,g50_35_1000,trail_8_4,PE,False
48,47.9,1.44,93.1,1.94,1.45,25,32.0,-5.2,23,65.2,3.64,g50_18_1015,hold,PE,False
46,43.5,1.26,44.6,0.97,1.45,24,37.5,1.19,22,50.0,1.68,g50_25_1000,mtm_16_8,PE,False
46,43.5,1.26,44.6,0.97,1.45,24,37.5,1.19,22,50.0,1.68,g50_28_1000,mtm_16_8,PE,False
43,53.5,1.23,36.1,0.84,1.45,21,47.6,2.11,22,59.1,0.79,g60_22_1015,mtm_12_8,PE,False
52,57.7,1.3,61.6,1.18,1.44,27,66.7,4.39,25,48.0,-3.75,g55_x_0945,trail_10_4,PE,False
42,52.4,1.23,35.5,0.85,1.44,21,47.6,2.11,21,57.1,0.76,g62_22_1015,mtm_12_8,PE,False
42,52.4,1.23,35.5,0.85,1.44,21,47.6,2.11,21,57.1,0.76,g65_22_1015,mtm_12_8,PE,False
43,58.1,1.24,29.0,0.67,1.44,22,63.6,1.99,21,52.4,1.1,g58_x_1000,trail_6_3,PE,False
43,58.1,1.24,29.0,0.67,1.44,22,63.6,1.99,21,52.4,1.1,g60_x_1000,trail_6_3,PE,False
54,53.7,1.21,36.2,0.67,1.44,28,46.4,0.14,26,61.5,2.97,g50_25_1015,mtm_8_6,PE,False
54,53.7,1.21,36.2,0.67,1.44,28,46.4,0.14,26,61.5,2.97,g50_28_1015,mtm_8_6,PE,False
43,48.8,1.35,67.6,1.57,1.42,23,43.5,-2.17,20,55.0,2.95,g50_22_1000,hold,PE,False
52,53.8,1.21,34.3,0.66,1.42,26,46.2,-0.0,26,61.5,2.97,g55_25_1015,mtm_8_6,PE,False
52,53.8,1.21,34.3,0.66,1.42,26,46.2,-0.0,26,61.5,2.97,g55_28_1015,mtm_8_6,PE,False
45,46.7,1.42,88.5,1.97,1.41,22,31.8,-4.52,23,60.9,3.15,g62_25_1015,hold,PE,False
45,46.7,1.42,88.5,1.97,1.41,22,31.8,-4.52,23,60.9,3.15,g62_28_1015,hold,PE,False
45,46.7,1.42,88.5,1.97,1.41,22,31.8,-4.52,23,60.9,3.15,g65_25_1015,hold,PE,False
45,46.7,1.42,88.5,1.97,1.41,22,31.8,-4.52,23,60.9,3.15,g65_28_1015,hold,PE,False
46,47.8,1.42,89.1,1.94,1.4,22,31.8,-4.52,24,62.5,3.09,g60_25_1015,hold,PE,False
46,47.8,1.42,89.1,1.94,1.4,22,31.8,-4.52,24,62.5,3.09,g60_28_1015,hold,PE,False
43,48.8,1.23,34.4,0.8,1.4,21,47.6,2.15,22,50.0,0.83,g55_25_1000,mtm_12_8,PE,False
43,48.8,1.23,34.4,0.8,1.4,21,47.6,2.15,22,50.0,0.83,g55_28_1000,mtm_12_8,PE,False
59,45.8,1.41,111.3,1.89,1.39,32,34.4,-0.38,27,59.3,2.56,g50_x_1015,hold,PE,False
48,56.2,1.29,56.3,1.17,1.39,24,66.7,4.87,24,45.8,-4.57,g55_30_0945,trail_10_4,PE,False
48,56.2,1.29,56.3,1.17,1.39,24,66.7,4.87,24,45.8,-4.57,g55_35_0945,trail_10_4,PE,False
46,54.3,1.24,33.8,0.73,1.39,24,58.3,2.38,22,50.0,0.88,g50_25_1000,trail_8_4,PE,False
46,54.3,1.24,33.8,0.73,1.39,24,58.3,2.38,22,50.0,0.88,g50_28_1000,trail_8_4,PE,False
48,54.2,1.2,30.9,0.64,1.39,24,45.8,-0.13,24,62.5,3.05,g58_25_1015,mtm_8_6,PE,False
48,54.2,1.2,30.9,0.64,1.39,24,45.8,-0.13,24,62.5,3.05,g58_28_1015,mtm_8_6,PE,False
40,55.0,1.24,33.0,0.82,1.38,21,57.1,3.44,19,52.6,0.03,g50_18_1000,trail_10_4,PE,False
46,47.8,1.22,36.3,0.79,1.38,24,45.8,2.01,22,50.0,0.83,g50_25_1000,mtm_12_8,PE,False
46,47.8,1.22,36.3,0.79,1.38,24,45.8,2.01,22,50.0,0.83,g50_28_1000,mtm_12_8,PE,False
42,57.1,1.23,27.3,0.65,1.38,22,63.6,1.99,20,50.0,0.98,g62_x_1000,trail_6_3,PE,False
42,57.1,1.23,27.3,0.65,1.38,22,63.6,1.99,20,50.0,0.98,g65_x_1000,trail_6_3,PE,False
43,51.2,1.32,66.1,1.54,1.35,21,47.6,-1.41,22,54.5,2.4,g55_25_1000,hold,PE,False
43,51.2,1.32,66.1,1.54,1.35,21,47.6,-1.41,22,54.5,2.4,g55_28_1000,hold,PE,False
46,54.3,1.2,28.4,0.62,1.34,22,45.5,-0.38,24,62.5,3.05,g60_25_1015,mtm_8_6,PE,False
46,54.3,1.2,28.4,0.62,1.34,22,45.5,-0.38,24,62.5,3.05,g60_28_1015,mtm_8_6,PE,False
45,53.3,1.19,27.8,0.62,1.32,22,45.5,-0.38,23,60.9,3.06,g62_25_1015,mtm_8_6,PE,False
45,53.3,1.19,27.8,0.62,1.32,22,45.5,-0.38,23,60.9,3.06,g62_28_1015,mtm_8_6,PE,False
45,53.3,1.19,27.8,0.62,1.32,22,45.5,-0.38,23,60.9,3.06,g65_25_1015,mtm_8_6,PE,False
45,53.3,1.19,27.8,0.62,1.32,22,45.5,-0.38,23,60.9,3.06,g65_28_1015,mtm_8_6,PE,False
55,58.2,1.27,58.0,1.05,1.31,29,69.0,4.5,26,46.2,-4.35,g50_x_0945,trail_10_4,PE,False
47,51.1,1.21,38.1,0.81,1.3,24,62.5,6.1,23,39.1,-4.49,g58_x_0945,mtm_12_8,PE,False
47,51.1,1.21,38.1,0.81,1.3,24,62.5,6.1,23,39.1,-4.49,g60_x_0945,mtm_12_8,PE,False
43,51.2,1.19,26.0,0.6,1.3,23,52.2,2.98,20,50.0,-0.73,g50_22_1000,mtm_8_6,PE,False
39,51.3,1.2,25.2,0.65,1.29,19,68.4,8.53,20,35.0,-7.93,g58_22_0945,mtm_8_6,PE,False
39,51.3,1.2,25.2,0.65,1.29,19,68.4,8.53,20,35.0,-7.93,g60_22_0945,mtm_8_6,PE,False
43,46.5,1.22,41.3,0.96,1.28,21,42.9,1.88,22,50.0,0.75,g55_25_1000,mtm_20_10,PE,False
43,46.5,1.22,41.3,0.96,1.28,21,42.9,1.88,22,50.0,0.75,g55_28_1000,mtm_20_10,PE,False
46,50.0,1.2,36.6,0.8,1.26,24,62.5,6.1,22,36.4,-4.73,g62_x_0945,mtm_12_8,PE,False
46,50.0,1.2,36.6,0.8,1.26,24,62.5,6.1,22,36.4,-4.73,g65_x_0945,mtm_12_8,PE,False
47,51.1,1.19,28.1,0.6,1.26,25,52.0,2.95,22,50.0,-0.74,g50_30_1000,mtm_8_6,PE,False
47,51.1,1.19,28.1,0.6,1.26,25,52.0,2.95,22,50.0,-0.74,g50_35_1000,mtm_8_6,PE,False
51,56.9,1.26,52.7,1.03,1.25,26,69.2,4.96,25,44.0,-5.17,g50_30_0945,trail_10_4,PE,False
51,56.9,1.26,52.7,1.03,1.25,26,69.2,4.96,25,44.0,-5.17,g50_35_0945,trail_10_4,PE,False
46,50.0,1.2,37.1,0.81,1.25,22,40.9,0.41,24,58.3,1.96,g60_25_1015,mtm_16_8,PE,False
46,50.0,1.2,37.1,0.81,1.25,22,40.9,0.41,24,58.3,1.96,g60_28_1015,mtm_16_8,PE,False
45,48.9,1.2,36.5,0.81,1.25,22,40.9,0.41,23,56.5,1.96,g62_25_1015,mtm_16_8,PE,False
45,48.9,1.2,36.5,0.81,1.25,22,40.9,0.41,23,56.5,1.96,g62_28_1015,mtm_16_8,PE,False
45,48.9,1.2,36.5,0.81,1.25,22,40.9,0.41,23,56.5,1.96,g65_25_1015,mtm_16_8,PE,False
45,48.9,1.2,36.5,0.81,1.25,22,40.9,0.41,23,56.5,1.96,g65_28_1015,mtm_16_8,PE,False
51,45.1,1.37,81.9,1.61,1.23,27,29.6,-5.54,24,62.5,3.45,g50_22_1015,hold,PE,False
38,50.0,1.18,23.8,0.63,1.23,19,68.4,8.53,19,31.6,-8.46,g62_22_0945,mtm_8_6,PE,False
38,50.0,1.18,23.8,0.63,1.23,19,68.4,8.53,19,31.6,-8.46,g65_22_0945,mtm_8_6,PE,False
47,55.3,1.26,44.9,0.96,1.2,24,70.8,4.79,23,39.1,-5.8,g58_x_0945,trail_8_4,PE,False
47,55.3,1.26,44.9,0.96,1.2,24,70.8,4.79,23,39.1,-5.8,g60_x_0945,trail_8_4,PE,False
47,44.7,1.21,42.6,0.91,1.2,25,40.0,1.62,22,50.0,0.75,g50_30_1000,mtm_20_10,PE,False
47,44.7,1.21,42.6,0.91,1.2,25,40.0,1.62,22,50.0,0.75,g50_35_1000,mtm_20_10,PE,False
37,51.4,1.18,20.3,0.55,1.18,18,50.0,2.44,19,52.6,-0.07,g55_18_1000,mtm_8_6,PE,False
59,52.5,1.17,31.8,0.54,1.18,32,46.9,0.34,27,59.3,2.21,g50_x_1015,mtm_8_6,PE,False
46,54.3,1.25,43.5,0.94,1.17,24,70.8,4.79,22,36.4,-6.1,g62_x_0945,trail_8_4,PE,False
46,54.3,1.25,43.5,0.94,1.17,24,70.8,4.79,22,36.4,-6.1,g65_x_0945,trail_8_4,PE,False
46,52.2,1.18,31.8,0.69,1.17,22,45.5,1.26,24,58.3,1.08,g60_25_1015,mtm_12_8,PE,False
46,52.2,1.18,31.8,0.69,1.17,22,45.5,1.26,24,58.3,1.08,g60_28_1015,mtm_12_8,PE,False
55,52.7,1.17,29.7,0.54,1.17,29,44.8,-0.32,26,61.5,2.97,g50_30_1015,mtm_8_6,PE,False
55,52.7,1.17,29.7,0.54,1.17,29,44.8,-0.32,26,61.5,2.97,g50_35_1015,mtm_8_6,PE,False
45,51.1,1.18,31.2,0.69,1.16,22,45.5,1.26,23,56.5,1.06,g62_25_1015,mtm_12_8,PE,False
45,51.1,1.18,31.2,0.69,1.16,22,45.5,1.26,23,56.5,1.06,g62_28_1015,mtm_12_8,PE,False
45,51.1,1.18,31.2,0.69,1.16,22,45.5,1.26,23,56.5,1.06,g65_25_1015,mtm_12_8,PE,False
45,51.1,1.18,31.2,0.69,1.16,22,45.5,1.26,23,56.5,1.06,g65_28_1015,mtm_12_8,PE,False
57,52.6,1.17,29.9,0.52,1.15,30,46.7,0.22,27,59.3,2.21,g55_x_1015,mtm_8_6,PE,False
53,52.8,1.16,27.8,0.53,1.13,27,44.4,-0.49,26,61.5,2.97,g55_30_1015,mtm_8_6,PE,False
53,52.8,1.16,27.8,0.53,1.13,27,44.4,-0.49,26,61.5,2.97,g55_35_1015,mtm_8_6,PE,False
43,53.5,1.24,39.7,0.92,1.12,21,71.4,5.39,22,36.4,-7.03,g58_30_0945,trail_8_4,PE,False
43,53.5,1.24,39.7,0.92,1.12,21,71.4,5.39,22,36.4,-7.03,g58_35_0945,trail_8_4,PE,False
43,53.5,1.24,39.7,0.92,1.12,21,71.4,5.39,22,36.4,-7.03,g60_30_0945,trail_8_4,PE,False
43,53.5,1.24,39.7,0.92,1.12,21,71.4,5.39,22,36.4,-7.03,g60_35_0945,trail_8_4,PE,False
43,51.2,1.17,22.8,0.53,1.12,21,52.4,3.03,22,50.0,-0.74,g55_25_1000,mtm_8_6,PE,False
43,51.2,1.17,22.8,0.53,1.12,21,52.4,3.03,22,50.0,-0.74,g55_28_1000,mtm_8_6,PE,False
52,50.0,1.17,35.5,0.68,1.11,27,59.3,5.15,25,40.0,-3.72,g55_x_0945,mtm_12_8,PE,False
53,52.8,1.16,26.5,0.5,1.1,28,46.4,0.12,25,60.0,2.22,g58_x_1015,mtm_8_6,PE,False
48,45.8,1.31,71.1,1.48,1.09,24,29.2,-5.76,24,62.5,3.09,g58_25_1015,hold,PE,False
48,45.8,1.31,71.1,1.48,1.09,24,29.2,-5.76,24,62.5,3.09,g58_28_1015,hold,PE,False
42,52.4,1.23,38.2,0.91,1.09,21,71.4,5.39,21,33.3,-7.4,g62_30_0945,trail_8_4,PE,False
42,52.4,1.23,38.2,0.91,1.09,21,71.4,5.39,21,33.3,-7.4,g62_35_0945,trail_8_4,PE,False
42,52.4,1.23,38.2,0.91,1.09,21,71.4,5.39,21,33.3,-7.4,g65_30_0945,trail_8_4,PE,False
42,52.4,1.23,38.2,0.91,1.09,21,71.4,5.39,21,33.3,-7.4,g65_35_0945,trail_8_4,PE,False
49,53.1,1.16,24.5,0.5,1.08,25,44.0,-0.66,24,62.5,3.05,g58_30_1015,mtm_8_6,PE,False
49,53.1,1.16,24.5,0.5,1.08,25,44.0,-0.66,24,62.5,3.05,g58_35_1015,mtm_8_6,PE,False
52,46.2,1.3,72.4,1.39,1.06,26,30.8,-5.41,26,61.5,2.98,g55_25_1015,hold,PE,False
52,46.2,1.3,72.4,1.39,1.06,26,30.8,-5.41,26,61.5,2.98,g55_28_1015,hold,PE,False
52,53.8,1.22,42.8,0.82,1.06,27,66.7,4.19,25,40.0,-4.78,g55_x_0945,trail_8_4,PE,False
47,57.4,1.17,22.8,0.49,1.06,24,62.5,1.49,23,52.2,0.77,g55_x_1000,trail_6_3,PE,False
43,48.8,1.16,28.4,0.66,1.05,21,61.9,7.12,22,36.4,-6.19,g58_30_0945,mtm_12_8,PE,False
43,48.8,1.16,28.4,0.66,1.05,21,61.9,7.12,22,36.4,-6.19,g58_35_0945,mtm_12_8,PE,False
43,48.8,1.16,28.4,0.66,1.05,21,61.9,7.12,22,36.4,-6.19,g60_30_0945,mtm_12_8,PE,False
43,48.8,1.16,28.4,0.66,1.05,21,61.9,7.12,22,36.4,-6.19,g60_35_0945,mtm_12_8,PE,False
43,58.1,1.18,27.0,0.63,1.05,22,63.6,2.75,21,52.4,-0.09,g58_x_1000,trail_10_4,PE,False
43,58.1,1.18,27.0,0.63,1.05,22,63.6,2.75,21,52.4,-0.09,g60_x_1000,trail_10_4,PE,False
51,52.9,1.15,24.1,0.47,1.04,26,46.2,-0.07,25,60.0,2.22,g60_x_1015,mtm_8_6,PE,False
50,52.0,1.15,23.5,0.47,1.02,26,46.2,-0.07,24,58.3,2.21,g62_x_1015,mtm_8_6,PE,False
50,52.0,1.15,23.5,0.47,1.02,26,46.2,-0.07,24,58.3,2.21,g65_x_1015,mtm_8_6,PE,False
45,48.9,1.16,29.1,0.65,1.01,23,39.1,-0.09,22,59.1,2.04,g58_22_1015,mtm_16_8,PE,False
43,58.1,1.16,23.6,0.55,1.01,21,52.4,0.38,22,63.6,1.52,g60_22_1015,trail_8_4,PE,False
47,53.2,1.15,22.0,0.47,1.01,23,43.5,-0.94,24,62.5,3.05,g60_30_1015,mtm_8_6,PE,False
47,53.2,1.15,22.0,0.47,1.01,23,43.5,-0.94,24,62.5,3.05,g60_35_1015,mtm_8_6,PE,False
42,47.6,1.15,26.9,0.64,1.0,21,61.9,7.12,21,33.3,-6.51,g62_30_0945,mtm_12_8,PE,False
42,47.6,1.15,26.9,0.64,1.0,21,61.9,7.12,21,33.3,-6.51,g62_35_0945,mtm_12_8,PE,False
42,47.6,1.15,26.9,0.64,1.0,21,61.9,7.12,21,33.3,-6.51,g65_30_0945,mtm_12_8,PE,False
42,47.6,1.15,26.9,0.64,1.0,21,61.9,7.12,21,33.3,-6.51,g65_35_0945,mtm_12_8,PE,False
42,57.1,1.17,25.3,0.6,1.0,22,63.6,2.75,20,50.0,-0.21,g62_x_1000,trail_10_4,PE,False
42,57.1,1.17,25.3,0.6,1.0,22,63.6,2.75,20,50.0,-0.21,g65_x_1000,trail_10_4,PE,False
42,57.1,1.16,23.0,0.55,1.0,21,52.4,0.38,21,61.9,1.51,g62_22_1015,trail_8_4,PE,False
42,57.1,1.16,23.0,0.55,1.0,21,52.4,0.38,21,61.9,1.51,g65_22_1015,trail_8_4,PE,False
40,60.0,1.16,21.3,0.53,1.0,19,57.9,1.83,21,61.9,0.29,g60_18_1015,trail_8_4,PE,False
46,52.2,1.14,21.4,0.46,1.0,23,43.5,-0.94,23,60.9,3.06,g62_30_1015,mtm_8_6,PE,False
46,52.2,1.14,21.4,0.46,1.0,23,43.5,-0.94,23,60.9,3.06,g62_35_1015,mtm_8_6,PE,False
46,52.2,1.14,21.4,0.46,1.0,23,43.5,-0.94,23,60.9,3.06,g65_30_1015,mtm_8_6,PE,False
46,52.2,1.14,21.4,0.46,1.0,23,43.5,-0.94,23,60.9,3.06,g65_35_1015,mtm_8_6,PE,False
55,54.5,1.21,41.5,0.76,0.99,29,69.0,4.32,26,38.5,-5.28,g50_x_0945,trail_8_4,PE,False
42,50.0,1.16,26.4,0.63,0.99,21,42.9,0.94,21,57.1,1.01,g58_18_1015,mtm_16_8,PE,False
39,59.0,1.16,20.7,0.53,0.99,19,57.9,1.83,20,60.0,0.24,g62_18_1015,trail_8_4,PE,False
39,59.0,1.16,20.7,0.53,0.99,19,57.9,1.83,20,60.0,0.24,g65_18_1015,trail_8_4,PE,False
48,52.1,1.2,37.5,0.78,0.98,24,66.7,4.66,24,37.5,-5.76,g55_30_0945,trail_8_4,PE,False
48,52.1,1.2,37.5,0.78,0.98,24,66.7,4.66,24,37.5,-5.76,g55_35_0945,trail_8_4,PE,False
50,46.0,1.17,36.5,0.73,0.98,27,44.4,1.92,23,47.8,0.01,g50_x_1000,mtm_20_10,PE,False
43,44.2,1.16,30.1,0.7,0.95,23,39.1,1.19,20,50.0,0.69,g50_22_1000,mtm_20_10,PE,False
47,48.9,1.15,28.8,0.61,0.95,23,39.1,-0.19,24,58.3,1.96,g60_30_1015,mtm_16_8,PE,False
47,48.9,1.15,28.8,0.61,0.95,23,39.1,-0.19,24,58.3,1.96,g60_35_1015,mtm_16_8,PE,False
35,51.4,1.14,16.4,0.47,0.95,16,68.8,8.51,19,36.8,-7.33,g58_18_0945,mtm_8_6,PE,False
35,51.4,1.14,16.4,0.47,0.95,16,68.8,8.51,19,36.8,-7.33,g60_18_0945,mtm_8_6,PE,False
46,47.8,1.15,28.2,0.61,0.94,23,39.1,-0.19,23,56.5,1.96,g62_30_1015,mtm_16_8,PE,False
46,47.8,1.15,28.2,0.61,0.94,23,39.1,-0.19,23,56.5,1.96,g62_35_1015,mtm_16_8,PE,False
46,47.8,1.15,28.2,0.61,0.94,23,39.1,-0.19,23,56.5,1.96,g65_30_1015,mtm_16_8,PE,False
46,47.8,1.15,28.2,0.61,0.94,23,39.1,-0.19,23,56.5,1.96,g65_35_1015,mtm_16_8,PE,False
36,55.6,1.16,20.8,0.58,0.94,18,61.1,3.46,18,50.0,-0.7,g58_22_1000,trail_10_4,PE,False
36,55.6,1.16,20.8,0.58,0.94,18,61.1,3.46,18,50.0,-0.7,g60_22_1000,trail_10_4,PE,False
47,55.3,1.2,34.9,0.74,0.93,24,70.8,4.33,23,39.1,-5.64,g58_x_0945,trail_8_5,PE,False
47,55.3,1.2,34.9,0.74,0.93,24,70.8,4.33,23,39.1,-5.64,g60_x_0945,trail_8_5,PE,False
43,53.5,1.2,32.5,0.76,0.92,21,71.4,4.91,22,36.4,-6.52,g58_30_0945,trail_8_5,PE,False
43,53.5,1.2,32.5,0.76,0.92,21,71.4,4.91,22,36.4,-6.52,g58_35_0945,trail_8_5,PE,False
43,53.5,1.2,32.5,0.76,0.92,21,71.4,4.91,22,36.4,-6.52,g60_30_0945,trail_8_5,PE,False
43,53.5,1.2,32.5,0.76,0.92,21,71.4,4.91,22,36.4,-6.52,g60_35_0945,trail_8_5,PE,False
51,52.9,1.19,36.3,0.71,0.91,26,69.2,4.78,25,36.0,-6.27,g50_30_0945,trail_8_4,PE,False
51,52.9,1.19,36.3,0.71,0.91,26,69.2,4.78,25,36.0,-6.27,g50_35_0945,trail_8_4,PE,False
46,54.3,1.19,33.5,0.73,0.9,24,70.8,4.33,22,36.4,-5.93,g62_x_0945,trail_8_5,PE,False
46,54.3,1.19,33.5,0.73,0.9,24,70.8,4.33,22,36.4,-5.93,g65_x_0945,trail_8_5,PE,False
42,50.0,1.13,19.2,0.46,0.9,20,65.0,7.39,22,36.4,-6.6,g58_25_0945,mtm_8_6,PE,False
42,50.0,1.13,19.2,0.46,0.9,20,65.0,7.39,22,36.4,-6.6,g58_28_0945,mtm_8_6,PE,False
42,50.0,1.13,19.2,0.46,0.9,20,65.0,7.39,22,36.4,-6.6,g60_25_0945,mtm_8_6,PE,False
42,50.0,1.13,19.2,0.46,0.9,20,65.0,7.39,22,36.4,-6.6,g60_28_0945,mtm_8_6,PE,False
36,55.6,1.15,15.2,0.42,0.9,18,61.1,1.9,18,50.0,0.23,g58_22_1000,trail_6_3,PE,False
36,55.6,1.15,15.2,0.42,0.9,18,61.1,1.9,18,50.0,0.23,g60_22_1000,trail_6_3,PE,False
42,52.4,1.19,31.0,0.74,0.88,21,71.4,4.91,21,33.3,-6.86,g62_30_0945,trail_8_5,PE,False
42,52.4,1.19,31.0,0.74,0.88,21,71.4,4.91,21,33.3,-6.86,g62_35_0945,trail_8_5,PE,False
42,52.4,1.19,31.0,0.74,0.88,21,71.4,4.91,21,33.3,-6.86,g65_30_0945,trail_8_5,PE,False
42,52.4,1.19,31.0,0.74,0.88,21,71.4,4.91,21,33.3,-6.86,g65_35_0945,trail_8_5,PE,False
35,54.3,1.15,19.1,0.55,0.88,18,61.1,3.46,17,47.1,-0.84,g62_22_1000,trail_10_4,PE,False
35,54.3,1.15,19.1,0.55,0.88,18,61.1,3.46,17,47.1,-0.84,g65_22_1000,trail_10_4,PE,False
42,52.4,1.13,21.3,0.51,0.88,21,47.6,1.87,21,57.1,-0.16,g58_18_1015,mtm_12_8,PE,False
34,50.0,1.13,14.9,0.44,0.88,16,68.8,8.51,18,33.3,-7.85,g62_18_0945,mtm_8_6,PE,False
34,50.0,1.13,14.9,0.44,0.88,16,68.8,8.51,18,33.3,-7.85,g65_18_0945,mtm_8_6,PE,False
46,47.8,1.2,44.5,0.97,0.87,24,41.7,-3.09,22,54.5,2.4,g50_25_1000,hold,PE,False
46,47.8,1.2,44.5,0.97,0.87,24,41.7,-3.09,22,54.5,2.4,g50_28_1000,hold,PE,False
48,47.9,1.13,25.9,0.54,0.87,24,58.3,5.93,24,37.5,-5.11,g55_30_0945,mtm_12_8,PE,False
48,47.9,1.13,25.9,0.54,0.87,24,58.3,5.93,24,37.5,-5.11,g55_35_0945,mtm_12_8,PE,False
33,54.5,1.14,13.5,0.41,0.86,16,56.2,0.82,17,52.9,0.88,g58_18_1000,trail_6_3,PE,False
33,54.5,1.14,13.5,0.41,0.86,16,56.2,0.82,17,52.9,0.88,g60_18_1000,trail_6_3,PE,False
47,51.1,1.13,23.5,0.5,0.85,23,43.5,0.59,24,58.3,1.08,g60_30_1015,mtm_12_8,PE,False
47,51.1,1.13,23.5,0.5,0.85,23,43.5,0.59,24,58.3,1.08,g60_35_1015,mtm_12_8,PE,False
46,50.0,1.13,22.9,0.5,0.84,23,43.5,0.59,23,56.5,1.06,g62_30_1015,mtm_12_8,PE,False
46,50.0,1.13,22.9,0.5,0.84,23,43.5,0.59,23,56.5,1.06,g62_35_1015,mtm_12_8,PE,False
46,50.0,1.13,22.9,0.5,0.84,23,43.5,0.59,23,56.5,1.06,g65_30_1015,mtm_12_8,PE,False
46,50.0,1.13,22.9,0.5,0.84,23,43.5,0.59,23,56.5,1.06,g65_35_1015,mtm_12_8,PE,False
41,48.8,1.12,17.8,0.43,0.84,20,65.0,7.39,21,33.3,-6.99,g62_25_0945,mtm_8_6,PE,False
41,48.8,1.12,17.8,0.43,0.84,20,65.0,7.39,21,33.3,-6.99,g62_28_0945,mtm_8_6,PE,False
41,48.8,1.12,17.8,0.43,0.84,20,65.0,7.39,21,33.3,-6.99,g65_25_0945,mtm_8_6,PE,False
41,48.8,1.12,17.8,0.43,0.84,20,65.0,7.39,21,33.3,-6.99,g65_28_0945,mtm_8_6,PE,False
54,44.4,1.22,57.1,1.06,0.82,28,28.6,-6.22,26,61.5,2.98,g50_25_1015,hold,PE,False
54,44.4,1.22,57.1,1.06,0.82,28,28.6,-6.22,26,61.5,2.98,g50_28_1015,hold,PE,False
35,54.3,1.13,13.5,0.39,0.82,18,61.1,1.9,17,47.1,0.07,g62_22_1000,trail_6_3,PE,False
35,54.3,1.13,13.5,0.39,0.82,18,61.1,1.9,17,47.1,0.07,g65_22_1000,trail_6_3,PE,False
40,50.0,1.12,15.1,0.38,0.82,21,47.6,1.57,19,52.6,-0.07,g50_18_1000,mtm_8_6,PE,False
52,53.8,1.17,32.7,0.63,0.81,27,66.7,3.76,25,40.0,-4.66,g55_x_0945,trail_8_5,PE,False
46,50.0,1.12,17.6,0.38,0.81,24,50.0,2.19,22,50.0,-0.74,g50_25_1000,mtm_8_6,PE,False
46,50.0,1.12,17.6,0.38,0.81,24,50.0,2.19,22,50.0,-0.74,g50_28_1000,mtm_8_6,PE,False
48,52.1,1.17,30.3,0.63,0.79,24,66.7,4.23,24,37.5,-5.37,g55_30_0945,trail_8_5,PE,False
48,52.1,1.17,30.3,0.63,0.79,24,66.7,4.23,24,37.5,-5.37,g55_35_0945,trail_8_5,PE,False
45,57.8,1.12,19.1,0.42,0.79,23,52.2,-0.03,22,63.6,1.52,g58_22_1015,trail_8_4,PE,False
42,59.5,1.12,16.8,0.4,0.76,21,57.1,1.25,21,61.9,0.29,g58_18_1015,trail_8_4,PE,False
32,53.1,1.12,11.9,0.37,0.76,16,56.2,0.82,16,50.0,0.72,g62_18_1000,trail_6_3,PE,False
32,53.1,1.12,11.9,0.37,0.76,16,56.2,0.82,16,50.0,0.72,g65_18_1000,trail_6_3,PE,False
55,54.5,1.16,31.5,0.57,0.75,29,69.0,3.91,26,38.5,-5.15,g50_x_0945,trail_8_5,PE,False
45,51.1,1.11,19.6,0.44,0.75,23,43.5,0.7,22,59.1,0.79,g58_22_1015,mtm_12_8,PE,False
51,52.9,1.15,29.0,0.57,0.73,26,69.2,4.36,25,36.0,-5.87,g50_30_0945,trail_8_5,PE,False
51,52.9,1.15,29.0,0.57,0.73,26,69.2,4.36,25,36.0,-5.87,g50_35_0945,trail_8_5,PE,False
47,55.3,1.12,20.5,0.44,0.73,24,58.3,2.07,23,52.2,-0.12,g55_x_1000,trail_10_4,PE,False
51,49.0,1.11,23.0,0.45,0.72,26,42.3,-0.0,25,56.0,1.38,g60_x_1015,mtm_16_8,PE,False
50,48.0,1.11,22.4,0.45,0.71,26,42.3,-0.0,24,54.2,1.37,g62_x_1015,mtm_16_8,PE,False
50,48.0,1.11,22.4,0.45,0.71,26,42.3,-0.0,24,54.2,1.37,g65_x_1015,mtm_16_8,PE,False
40,55.0,1.11,13.6,0.34,0.71,20,60.0,1.12,20,50.0,0.46,g58_30_1000,trail_6_3,PE,False
40,55.0,1.11,13.6,0.34,0.71,20,60.0,1.12,20,50.0,0.46,g58_35_1000,trail_6_3,PE,False
40,55.0,1.11,13.6,0.34,0.71,20,60.0,1.12,20,50.0,0.46,g60_30_1000,trail_6_3,PE,False
40,55.0,1.11,13.6,0.34,0.71,20,60.0,1.12,20,50.0,0.46,g60_35_1000,trail_6_3,PE,False
47,48.9,1.1,16.5,0.35,0.7,24,58.3,5.2,23,39.1,-5.16,g58_x_0945,mtm_8_6,PE,False
47,48.9,1.1,16.5,0.35,0.7,24,58.3,5.2,23,39.1,-5.16,g60_x_0945,mtm_8_6,PE,False
50,56.0,1.11,15.7,0.31,0.69,27,59.3,0.59,23,52.2,0.77,g50_x_1000,trail_6_3,PE,False
48,47.9,1.1,20.6,0.43,0.67,24,37.5,-0.73,24,58.3,1.96,g58_25_1015,mtm_16_8,PE,False
48,47.9,1.1,20.6,0.43,0.67,24,37.5,-0.73,24,58.3,1.96,g58_28_1015,mtm_16_8,PE,False
35,51.4,1.1,13.2,0.38,0.65,16,68.8,8.62,19,36.8,-7.62,g58_18_0945,mtm_12_8,PE,False
35,51.4,1.1,13.2,0.38,0.65,16,68.8,8.62,19,36.8,-7.62,g60_18_0945,mtm_12_8,PE,False
46,47.8,1.09,15.0,0.33,0.64,24,58.3,5.2,22,36.4,-5.46,g62_x_0945,mtm_8_6,PE,False
46,47.8,1.09,15.0,0.33,0.64,24,58.3,5.2,22,36.4,-5.46,g65_x_0945,mtm_8_6,PE,False
39,53.8,1.1,12.0,0.31,0.64,20,60.0,1.12,19,47.4,0.32,g62_30_1000,trail_6_3,PE,False
39,53.8,1.1,12.0,0.31,0.64,20,60.0,1.12,19,47.4,0.32,g62_35_1000,trail_6_3,PE,False
39,53.8,1.1,12.0,0.31,0.64,20,60.0,1.12,19,47.4,0.32,g65_30_1000,trail_6_3,PE,False
39,53.8,1.1,12.0,0.31,0.64,20,60.0,1.12,19,47.4,0.32,g65_35_1000,trail_6_3,PE,False
46,43.5,1.1,20.9,0.46,0.62,24,37.5,0.47,22,50.0,0.75,g50_25_1000,mtm_20_10,PE,False
46,43.5,1.1,20.9,0.46,0.62,24,37.5,0.47,22,50.0,0.75,g50_28_1000,mtm_20_10,PE,False
55,49.1,1.09,20.6,0.38,0.62,29,58.6,4.5,26,38.5,-4.2,g50_x_0945,mtm_12_8,PE,False
35,60.0,1.1,12.2,0.35,0.62,16,75.0,7.97,19,47.4,-5.46,g58_18_0945,trail_10_4,PE,False
35,60.0,1.1,12.2,0.35,0.62,16,75.0,7.97,19,47.4,-5.46,g60_18_0945,trail_10_4,PE,False
51,51.0,1.09,17.6,0.35,0.61,26,46.2,0.74,25,56.0,0.47,g60_x_1015,mtm_12_8,PE,False
46,56.5,1.09,15.1,0.33,0.6,22,50.0,-0.49,24,62.5,1.47,g60_25_1015,trail_8_4,PE,False
46,56.5,1.09,15.1,0.33,0.6,22,50.0,-0.49,24,62.5,1.47,g60_28_1015,trail_8_4,PE,False
40,52.5,1.1,14.3,0.36,0.59,20,55.0,2.6,20,50.0,-0.67,g55_22_1000,trail_10_4,PE,False
34,50.0,1.09,11.8,0.35,0.59,16,68.8,8.62,18,33.3,-8.1,g62_18_0945,mtm_12_8,PE,False
34,50.0,1.09,11.8,0.35,0.59,16,68.8,8.62,18,33.3,-8.1,g65_18_0945,mtm_12_8,PE,False
50,50.0,1.09,17.0,0.34,0.59,26,46.2,0.74,24,54.2,0.43,g62_x_1015,mtm_12_8,PE,False
50,50.0,1.09,17.0,0.34,0.59,26,46.2,0.74,24,54.2,0.43,g65_x_1015,mtm_12_8,PE,False
43,48.8,1.08,12.8,0.3,0.59,21,61.9,6.39,22,36.4,-6.6,g58_30_0945,mtm_8_6,PE,False
43,48.8,1.08,12.8,0.3,0.59,21,61.9,6.39,22,36.4,-6.6,g58_35_0945,mtm_8_6,PE,False
43,48.8,1.08,12.8,0.3,0.59,21,61.9,6.39,22,36.4,-6.6,g60_30_0945,mtm_8_6,PE,False
43,48.8,1.08,12.8,0.3,0.59,21,61.9,6.39,22,36.4,-6.6,g60_35_0945,mtm_8_6,PE,False
40,55.0,1.09,14.3,0.36,0.58,20,60.0,2.19,20,50.0,-0.49,g58_30_1000,trail_10_4,PE,False
40,55.0,1.09,14.3,0.36,0.58,20,60.0,2.19,20,50.0,-0.49,g58_35_1000,trail_10_4,PE,False
40,55.0,1.09,14.3,0.36,0.58,20,60.0,2.19,20,50.0,-0.49,g60_30_1000,trail_10_4,PE,False
40,55.0,1.09,14.3,0.36,0.58,20,60.0,2.19,20,50.0,-0.49,g60_35_1000,trail_10_4,PE,False
45,55.6,1.09,14.5,0.32,0.58,22,50.0,-0.49,23,60.9,1.46,g62_25_1015,trail_8_4,PE,False
45,55.6,1.09,14.5,0.32,0.58,22,50.0,-0.49,23,60.9,1.46,g62_28_1015,trail_8_4,PE,False
45,55.6,1.09,14.5,0.32,0.58,22,50.0,-0.49,23,60.9,1.46,g65_25_1015,trail_8_4,PE,False
45,55.6,1.09,14.5,0.32,0.58,22,50.0,-0.49,23,60.9,1.46,g65_28_1015,trail_8_4,PE,False
43,58.1,1.09,13.5,0.31,0.57,21,52.4,-1.16,22,63.6,1.72,g60_22_1015,trail_8_5,PE,False
34,58.8,1.08,10.7,0.32,0.56,16,75.0,7.97,18,44.4,-5.8,g62_18_0945,trail_10_4,PE,False
34,58.8,1.08,10.7,0.32,0.56,16,75.0,7.97,18,44.4,-5.8,g65_18_0945,trail_10_4,PE,False
39,53.8,1.09,10.6,0.27,0.56,19,57.9,0.74,20,50.0,0.46,g58_25_1000,trail_6_3,PE,False
39,53.8,1.09,10.6,0.27,0.56,19,57.9,0.74,20,50.0,0.46,g58_28_1000,trail_6_3,PE,False
39,53.8,1.09,10.6,0.27,0.56,19,57.9,0.74,20,50.0,0.46,g60_25_1000,trail_6_3,PE,False
39,53.8,1.09,10.6,0.27,0.56,19,57.9,0.74,20,50.0,0.46,g60_28_1000,trail_6_3,PE,False
42,57.1,1.09,12.9,0.31,0.55,21,52.4,-1.16,21,61.9,1.72,g62_22_1015,trail_8_5,PE,False
42,57.1,1.09,12.9,0.31,0.55,21,52.4,-1.16,21,61.9,1.72,g65_22_1015,trail_8_5,PE,False
48,50.0,1.08,15.3,0.32,0.54,24,41.7,-0.02,24,58.3,1.08,g58_25_1015,mtm_12_8,PE,False
48,50.0,1.08,15.3,0.32,0.54,24,41.7,-0.02,24,58.3,1.08,g58_28_1015,mtm_12_8,PE,False
42,47.6,1.08,11.4,0.27,0.53,21,61.9,6.39,21,33.3,-6.99,g62_30_0945,mtm_8_6,PE,False
42,47.6,1.08,11.4,0.27,0.53,21,61.9,6.39,21,33.3,-6.99,g62_35_0945,mtm_8_6,PE,False
42,47.6,1.08,11.4,0.27,0.53,21,61.9,6.39,21,33.3,-6.99,g65_30_0945,mtm_8_6,PE,False
42,47.6,1.08,11.4,0.27,0.53,21,61.9,6.39,21,33.3,-6.99,g65_35_0945,mtm_8_6,PE,False
49,46.9,1.08,16.1,0.33,0.52,25,36.0,-0.84,24,58.3,1.79,g55_22_1015,mtm_16_8,PE,False
39,53.8,1.08,12.6,0.32,0.52,20,60.0,2.19,19,47.4,-0.62,g62_30_1000,trail_10_4,PE,False
39,53.8,1.08,12.6,0.32,0.52,20,60.0,2.19,19,47.4,-0.62,g62_35_1000,trail_10_4,PE,False
39,53.8,1.08,12.6,0.32,0.52,20,60.0,2.19,19,47.4,-0.62,g65_30_1000,trail_10_4,PE,False
39,53.8,1.08,12.6,0.32,0.52,20,60.0,2.19,19,47.4,-0.62,g65_35_1000,trail_10_4,PE,False
50,54.0,1.08,15.2,0.3,0.52,27,55.6,1.4,23,52.2,-0.12,g50_x_1000,trail_10_4,PE,False
40,60.0,1.08,11.2,0.28,0.52,19,57.9,0.35,21,61.9,0.63,g60_18_1015,trail_8_5,PE,False
47,48.9,1.07,11.7,0.25,0.51,24,62.5,6.27,23,34.8,-7.39,g50_22_0945,mtm_8_6,PE,False
39,59.0,1.08,10.6,0.27,0.5,19,57.9,0.35,20,60.0,0.6,g62_18_1015,trail_8_5,PE,False
39,59.0,1.08,10.6,0.27,0.5,19,57.9,0.35,20,60.0,0.6,g65_18_1015,trail_8_5,PE,False
40,55.0,1.08,9.0,0.22,0.49,20,60.0,1.32,20,50.0,-0.09,g55_22_1000,trail_6_3,PE,False
39,53.8,1.08,11.6,0.3,0.48,19,57.9,1.97,20,50.0,-0.49,g58_25_1000,trail_10_4,PE,False
39,53.8,1.08,11.6,0.3,0.48,19,57.9,1.97,20,50.0,-0.49,g58_28_1000,trail_10_4,PE,False
39,53.8,1.08,11.6,0.3,0.48,19,57.9,1.97,20,50.0,-0.49,g60_25_1000,trail_10_4,PE,False
39,53.8,1.08,11.6,0.3,0.48,19,57.9,1.97,20,50.0,-0.49,g60_28_1000,trail_10_4,PE,False
38,52.6,1.07,9.0,0.24,0.48,19,57.9,0.74,19,47.4,0.32,g62_25_1000,trail_6_3,PE,False
38,52.6,1.07,9.0,0.24,0.48,19,57.9,0.74,19,47.4,0.32,g62_28_1000,trail_6_3,PE,False
38,52.6,1.07,9.0,0.24,0.48,19,57.9,0.74,19,47.4,0.32,g65_25_1000,trail_6_3,PE,False
38,52.6,1.07,9.0,0.24,0.48,19,57.9,0.74,19,47.4,0.32,g65_28_1000,trail_6_3,PE,False
40,50.0,1.07,10.7,0.27,0.47,19,63.2,6.71,21,38.1,-6.02,g55_18_0945,mtm_12_8,PE,False
49,57.1,1.07,12.4,0.25,0.47,25,52.0,-0.45,24,62.5,1.28,g55_22_1015,trail_8_4,PE,False
46,47.8,1.07,13.4,0.29,0.46,23,39.1,0.07,23,56.5,0.82,g55_18_1015,mtm_16_8,PE,False
51,56.9,1.07,12.0,0.24,0.45,27,51.9,-0.46,24,62.5,1.28,g50_22_1015,trail_8_4,PE,False
44,47.7,1.06,9.9,0.22,0.45,22,59.1,5.73,22,36.4,-6.72,g55_22_0945,mtm_8_6,PE,False
37,54.1,1.07,7.3,0.2,0.43,18,55.6,0.32,19,52.6,0.5,g55_18_1000,trail_6_3,PE,False
47,46.8,1.07,13.9,0.29,0.42,23,34.8,-1.09,24,58.3,1.59,g60_30_1015,mtm_20_10,PE,False
47,46.8,1.07,13.9,0.29,0.42,23,34.8,-1.09,24,58.3,1.59,g60_35_1015,mtm_20_10,PE,False
46,58.7,1.06,10.0,0.22,0.42,23,56.5,0.71,23,60.9,0.14,g55_18_1015,trail_8_4,PE,False
38,52.6,1.06,10.0,0.26,0.41,19,57.9,1.97,19,47.4,-0.62,g62_25_1000,trail_10_4,PE,False
38,52.6,1.06,10.0,0.26,0.41,19,57.9,1.97,19,47.4,-0.62,g62_28_1000,trail_10_4,PE,False
38,52.6,1.06,10.0,0.26,0.41,19,57.9,1.97,19,47.4,-0.62,g65_25_1000,trail_10_4,PE,False
38,52.6,1.06,10.0,0.26,0.41,19,57.9,1.97,19,47.4,-0.62,g65_28_1000,trail_10_4,PE,False
48,56.2,1.06,10.6,0.22,0.41,24,50.0,-0.82,24,62.5,1.47,g58_25_1015,trail_8_4,PE,False
48,56.2,1.06,10.6,0.22,0.41,24,50.0,-0.82,24,62.5,1.47,g58_28_1015,trail_8_4,PE,False
46,45.7,1.06,13.2,0.29,0.4,23,34.8,-1.09,23,56.5,1.59,g62_30_1015,mtm_20_10,PE,False
46,45.7,1.06,13.2,0.29,0.4,23,34.8,-1.09,23,56.5,1.59,g62_35_1015,mtm_20_10,PE,False
46,45.7,1.06,13.2,0.29,0.4,23,34.8,-1.09,23,56.5,1.59,g65_30_1015,mtm_20_10,PE,False
46,45.7,1.06,13.2,0.29,0.4,23,34.8,-1.09,23,56.5,1.59,g65_35_1015,mtm_20_10,PE,False
49,46.9,1.06,12.3,0.25,0.39,25,36.0,-1.25,24,58.3,1.96,g58_30_1015,mtm_16_8,PE,False
49,46.9,1.06,12.3,0.25,0.39,25,36.0,-1.25,24,58.3,1.96,g58_35_1015,mtm_16_8,PE,False
48,58.3,1.06,9.7,0.2,0.39,25,56.0,0.65,23,60.9,0.14,g50_18_1015,trail_8_4,PE,False
45,57.8,1.06,9.0,0.2,0.37,23,52.2,-1.5,22,63.6,1.72,g58_22_1015,trail_8_5,PE,False
44,54.5,1.06,7.5,0.17,0.36,22,59.1,0.67,22,50.0,0.16,g55_30_1000,trail_6_3,PE,False
44,54.5,1.06,7.5,0.17,0.36,22,59.1,0.67,22,50.0,0.16,g55_35_1000,trail_6_3,PE,False
51,47.1,1.05,11.0,0.22,0.35,26,57.7,5.15,25,36.0,-5.61,g50_30_0945,mtm_12_8,PE,False
51,47.1,1.05,11.0,0.22,0.35,26,57.7,5.15,25,36.0,-5.61,g50_35_0945,mtm_12_8,PE,False
43,51.2,1.06,8.9,0.21,0.35,23,52.2,1.76,20,50.0,-0.67,g50_22_1000,trail_10_4,PE,False
46,50.0,1.05,8.2,0.18,0.31,23,43.5,0.88,23,56.5,-0.26,g55_18_1015,mtm_12_8,PE,False
39,48.7,1.04,6.8,0.18,0.3,19,63.2,7.28,20,35.0,-8.31,g58_22_0945,mtm_12_8,PE,False
39,48.7,1.04,6.8,0.18,0.3,19,63.2,7.28,20,35.0,-8.31,g60_22_0945,mtm_12_8,PE,False
42,59.5,1.05,6.7,0.16,0.3,21,57.1,-0.17,21,61.9,0.63,g58_18_1015,trail_8_5,PE,False
44,52.3,1.05,7.8,0.18,0.29,22,54.5,1.51,22,50.0,-0.49,g55_30_1000,trail_10_4,PE,False
44,52.3,1.05,7.8,0.18,0.29,22,54.5,1.51,22,50.0,-0.49,g55_35_1000,trail_10_4,PE,False
47,55.3,1.04,6.8,0.14,0.26,23,47.8,-1.17,24,62.5,1.47,g60_30_1015,trail_8_4,PE,False
47,55.3,1.04,6.8,0.14,0.26,23,47.8,-1.17,24,62.5,1.47,g60_35_1015,trail_8_4,PE,False
40,57.5,1.04,5.4,0.14,0.24,19,68.4,5.79,21,47.6,-4.55,g55_18_0945,trail_10_4,PE,False
38,47.4,1.03,5.4,0.14,0.24,19,63.2,7.28,19,31.6,-8.81,g62_22_0945,mtm_12_8,PE,False
38,47.4,1.03,5.4,0.14,0.24,19,63.2,7.28,19,31.6,-8.81,g65_22_0945,mtm_12_8,PE,False
49,49.0,1.03,7.0,0.14,0.24,25,40.0,-0.59,24,58.3,1.08,g58_30_1015,mtm_12_8,PE,False
49,49.0,1.03,7.0,0.14,0.24,25,40.0,-0.59,24,58.3,1.08,g58_35_1015,mtm_12_8,PE,False
51,54.9,1.04,6.6,0.13,0.24,26,50.0,-0.43,25,60.0,0.83,g60_x_1015,trail_8_4,PE,False
46,54.3,1.04,6.2,0.13,0.24,23,47.8,-1.17,23,60.9,1.46,g62_30_1015,trail_8_4,PE,False
46,54.3,1.04,6.2,0.13,0.24,23,47.8,-1.17,23,60.9,1.46,g62_35_1015,trail_8_4,PE,False
46,54.3,1.04,6.2,0.13,0.24,23,47.8,-1.17,23,60.9,1.46,g65_30_1015,trail_8_4,PE,False
46,54.3,1.04,6.2,0.13,0.24,23,47.8,-1.17,23,60.9,1.46,g65_35_1015,trail_8_4,PE,False
52,46.2,1.03,7.6,0.15,0.23,26,34.6,-1.43,26,57.7,1.73,g55_25_1015,mtm_16_8,PE,False
52,46.2,1.03,7.6,0.15,0.23,26,34.6,-1.43,26,57.7,1.73,g55_28_1015,mtm_16_8,PE,False
49,49.0,1.03,6.6,0.13,0.23,25,40.0,-0.15,24,58.3,0.61,g55_22_1015,mtm_12_8,PE,False
50,48.0,1.03,5.7,0.11,0.23,25,60.0,5.5,25,36.0,-6.34,g50_25_0945,mtm_8_6,PE,False
50,48.0,1.03,5.7,0.11,0.23,25,60.0,5.5,25,36.0,-6.34,g50_28_0945,mtm_8_6,PE,False
50,54.0,1.03,6.0,0.12,0.22,26,50.0,-0.43,24,58.3,0.81,g62_x_1015,trail_8_4,PE,False
50,54.0,1.03,6.0,0.12,0.22,26,50.0,-0.43,24,58.3,0.81,g65_x_1015,trail_8_4,PE,False
43,53.5,1.03,4.5,0.1,0.22,21,57.1,0.31,22,50.0,0.16,g55_25_1000,trail_6_3,PE,False
43,53.5,1.03,4.5,0.1,0.22,21,57.1,0.31,22,50.0,0.16,g55_28_1000,trail_6_3,PE,False
53,47.2,1.03,6.5,0.12,0.2,28,39.3,-1.01,25,56.0,1.38,g58_x_1015,mtm_16_8,PE,False
46,56.5,1.03,5.0,0.11,0.2,22,50.0,-2.06,24,62.5,1.67,g60_25_1015,trail_8_5,PE,False
46,56.5,1.03,5.0,0.11,0.2,22,50.0,-2.06,24,62.5,1.67,g60_28_1015,trail_8_5,PE,False
43,51.2,1.03,5.2,0.12,0.19,21,52.4,1.28,22,50.0,-0.49,g55_25_1000,trail_10_4,PE,False
43,51.2,1.03,5.2,0.12,0.19,21,52.4,1.28,22,50.0,-0.49,g55_28_1000,trail_10_4,PE,False
39,59.0,1.03,4.2,0.11,0.19,19,73.7,6.8,20,45.0,-6.19,g58_22_0945,trail_10_4,PE,False
39,59.0,1.03,4.2,0.11,0.19,19,73.7,6.8,20,45.0,-6.19,g60_22_0945,trail_10_4,PE,False
45,55.6,1.03,4.4,0.1,0.18,22,50.0,-2.06,23,60.9,1.66,g62_25_1015,trail_8_5,PE,False
45,55.6,1.03,4.4,0.1,0.18,22,50.0,-2.06,23,60.9,1.66,g62_28_1015,trail_8_5,PE,False
45,55.6,1.03,4.4,0.1,0.18,22,50.0,-2.06,23,60.9,1.66,g65_25_1015,trail_8_5,PE,False
45,55.6,1.03,4.4,0.1,0.18,22,50.0,-2.06,23,60.9,1.66,g65_28_1015,trail_8_5,PE,False
44,47.7,1.02,4.3,0.1,0.17,22,59.1,5.87,22,36.4,-6.64,g55_22_0945,mtm_12_8,PE,False
42,47.6,1.02,4.2,0.1,0.17,20,60.0,6.08,22,36.4,-6.19,g58_25_0945,mtm_12_8,PE,False
42,47.6,1.02,4.2,0.1,0.17,20,60.0,6.08,22,36.4,-6.19,g58_28_0945,mtm_12_8,PE,False
42,47.6,1.02,4.2,0.1,0.17,20,60.0,6.08,22,36.4,-6.19,g60_25_0945,mtm_12_8,PE,False
42,47.6,1.02,4.2,0.1,0.17,20,60.0,6.08,22,36.4,-6.19,g60_28_0945,mtm_12_8,PE,False
47,46.8,1.02,3.9,0.08,0.16,23,56.5,4.95,24,37.5,-5.73,g55_25_0945,mtm_8_6,PE,False
47,46.8,1.02,3.9,0.08,0.16,23,56.5,4.95,24,37.5,-5.73,g55_28_0945,mtm_8_6,PE,False
51,45.1,1.02,4.4,0.09,0.14,27,33.3,-1.53,24,58.3,1.79,g50_22_1015,mtm_16_8,PE,False
43,48.8,1.02,2.9,0.07,0.14,21,61.9,5.9,22,36.4,-6.89,g50_18_0945,mtm_8_6,PE,False
52,55.8,1.02,3.9,0.07,0.14,26,50.0,-1.17,26,61.5,1.26,g55_25_1015,trail_8_4,PE,False
52,55.8,1.02,3.9,0.07,0.14,26,50.0,-1.17,26,61.5,1.26,g55_28_1015,trail_8_4,PE,False
43,46.5,1.02,3.8,0.09,0.13,21,33.3,-2.34,22,59.1,1.8,g60_22_1015,mtm_20_10,PE,False
43,46.5,1.03,6.7,0.16,0.12,21,42.9,1.78,22,50.0,-3.37,g58_30_0945,hold,PE,False
43,46.5,1.03,6.7,0.16,0.12,21,42.9,1.78,22,50.0,-3.37,g58_35_0945,hold,PE,False
43,46.5,1.03,6.7,0.16,0.12,21,42.9,1.78,22,50.0,-3.37,g60_30_0945,hold,PE,False
43,46.5,1.03,6.7,0.16,0.12,21,42.9,1.78,22,50.0,-3.37,g60_35_0945,hold,PE,False
51,47.1,1.02,4.1,0.08,0.12,26,38.5,-0.85,25,56.0,0.88,g60_x_1015,mtm_20_10,PE,False
38,57.9,1.02,2.7,0.07,0.12,19,73.7,6.8,19,42.1,-6.55,g62_22_0945,trail_10_4,PE,False
38,57.9,1.02,2.7,0.07,0.12,19,73.7,6.8,19,42.1,-6.55,g65_22_0945,trail_10_4,PE,False
54,55.6,1.02,3.6,0.07,0.12,28,50.0,-1.15,26,61.5,1.26,g50_25_1015,trail_8_4,PE,False
54,55.6,1.02,3.6,0.07,0.12,28,50.0,-1.15,26,61.5,1.26,g50_28_1015,trail_8_4,PE,False
42,45.2,1.02,3.2,0.08,0.11,21,33.3,-2.34,21,57.1,1.8,g62_22_1015,mtm_20_10,PE,False
42,45.2,1.02,3.2,0.08,0.11,21,33.3,-2.34,21,57.1,1.8,g65_22_1015,mtm_20_10,PE,False
41,46.3,1.02,2.8,0.07,0.11,20,60.0,6.08,21,33.3,-6.51,g62_25_0945,mtm_12_8,PE,False
41,46.3,1.02,2.8,0.07,0.11,20,60.0,6.08,21,33.3,-6.51,g62_28_0945,mtm_12_8,PE,False
41,46.3,1.02,2.8,0.07,0.11,20,60.0,6.08,21,33.3,-6.51,g65_25_0945,mtm_12_8,PE,False
41,46.3,1.02,2.8,0.07,0.11,20,60.0,6.08,21,33.3,-6.51,g65_28_0945,mtm_12_8,PE,False
55,47.3,1.02,3.0,0.05,0.11,29,55.2,3.97,26,38.5,-5.1,g50_x_0945,mtm_8_6,PE,False
50,46.0,1.02,3.5,0.07,0.1,26,38.5,-0.85,24,54.2,0.87,g62_x_1015,mtm_20_10,PE,False
50,46.0,1.02,3.5,0.07,0.1,26,38.5,-0.85,24,54.2,0.87,g65_x_1015,mtm_20_10,PE,False
43,53.5,1.01,1.9,0.04,0.1,23,56.5,0.32,20,50.0,-0.09,g50_22_1000,trail_6_3,PE,False
42,45.2,1.02,5.2,0.12,0.09,21,42.9,1.78,21,47.6,-3.55,g62_30_0945,hold,PE,False
42,45.2,1.02,5.2,0.12,0.09,21,42.9,1.78,21,47.6,-3.55,g62_35_0945,hold,PE,False
42,45.2,1.02,5.2,0.12,0.09,21,42.9,1.78,21,47.6,-3.55,g65_30_0945,hold,PE,False
42,45.2,1.02,5.2,0.12,0.09,21,42.9,1.78,21,47.6,-3.55,g65_35_0945,hold,PE,False
47,51.1,1.01,2.5,0.05,0.09,25,52.0,0.88,22,50.0,-0.49,g50_30_1000,trail_10_4,PE,False
47,51.1,1.01,2.5,0.05,0.09,25,52.0,0.88,22,50.0,-0.49,g50_35_1000,trail_10_4,PE,False
49,57.1,1.01,2.3,0.05,0.09,25,52.0,-1.87,24,62.5,1.49,g55_22_1015,trail_8_5,PE,False
49,55.1,1.01,2.3,0.05,0.09,25,48.0,-1.44,24,62.5,1.47,g58_30_1015,trail_8_4,PE,False
49,55.1,1.01,2.3,0.05,0.09,25,48.0,-1.44,24,62.5,1.47,g58_35_1015,trail_8_4,PE,False
43,58.1,1.01,1.8,0.04,0.07,21,71.4,6.18,22,45.5,-5.25,g50_18_0945,trail_10_4,PE,False
51,56.9,1.01,1.9,0.04,0.07,27,51.9,-1.82,24,62.5,1.49,g50_22_1015,trail_8_5,PE,False
52,48.1,1.01,2.3,0.04,0.07,26,38.5,-0.79,26,57.7,0.89,g55_25_1015,mtm_12_8,PE,False
52,48.1,1.01,2.3,0.04,0.07,26,38.5,-0.79,26,57.7,0.89,g55_28_1015,mtm_12_8,PE,False
53,54.7,1.01,2.1,0.04,0.07,28,50.0,-0.73,25,60.0,0.83,g58_x_1015,trail_8_4,PE,False
47,46.8,1.01,1.7,0.04,0.06,23,56.5,4.92,24,37.5,-5.11,g55_25_0945,mtm_12_8,PE,False
47,46.8,1.01,1.7,0.04,0.06,23,56.5,4.92,24,37.5,-5.11,g55_28_0945,mtm_12_8,PE,False
48,45.8,1.01,1.8,0.04,0.06,25,36.0,-0.7,23,56.5,0.82,g50_18_1015,mtm_16_8,PE,False
40,47.5,1.01,1.0,0.03,0.05,19,57.9,5.24,21,38.1,-6.18,g55_18_0945,mtm_8_6,PE,False
52,46.2,1.01,1.1,0.02,0.04,27,51.9,3.44,25,40.0,-4.51,g55_x_0945,mtm_8_6,PE,False
53,49.1,1.01,1.1,0.02,0.04,28,42.9,-0.38,25,56.0,0.47,g58_x_1015,mtm_12_8,PE,False
47,53.2,1.0,0.3,0.01,0.02,25,56.0,-0.17,22,50.0,0.16,g50_30_1000,trail_6_3,PE,False
47,53.2,1.0,0.3,0.01,0.02,25,56.0,-0.17,22,50.0,0.16,g50_35_1000,trail_6_3,PE,False
48,56.2,1.0,0.5,0.01,0.02,24,50.0,-2.31,24,62.5,1.67,g58_25_1015,trail_8_5,PE,False
48,56.2,1.0,0.5,0.01,0.02,24,50.0,-2.31,24,62.5,1.67,g58_28_1015,trail_8_5,PE,False
47,53.2,1.0,0.5,0.01,0.02,23,47.8,0.48,24,58.3,-0.38,g60_30_1015,trail_10_4,PE,False
47,53.2,1.0,0.5,0.01,0.02,23,47.8,0.48,24,58.3,-0.38,g60_35_1015,trail_10_4,PE,False
40,52.5,1.0,0.2,0.01,0.01,21,52.4,-0.59,19,52.6,0.5,g50_18_1000,trail_6_3,PE,False
46,58.7,1.0,-0.1,-0.0,-0.0,23,56.5,-0.67,23,60.9,0.47,g55_18_1015,trail_8_5,PE,False
46,52.2,1.0,-0.1,-0.0,-0.0,23,47.8,0.48,23,56.5,-0.43,g62_30_1015,trail_10_4,PE,False
46,52.2,1.0,-0.1,-0.0,-0.0,23,47.8,0.48,23,56.5,-0.43,g62_35_1015,trail_10_4,PE,False
46,52.2,1.0,-0.1,-0.0,-0.0,23,47.8,0.48,23,56.5,-0.43,g65_30_1015,trail_10_4,PE,False
46,52.2,1.0,-0.1,-0.0,-0.0,23,47.8,0.48,23,56.5,-0.43,g65_35_1015,trail_10_4,PE,False
46,50.0,1.0,-0.2,-0.0,-0.01,24,50.0,0.67,22,50.0,-0.49,g50_25_1000,trail_10_4,PE,False
46,50.0,1.0,-0.2,-0.0,-0.01,24,50.0,0.67,22,50.0,-0.49,g50_28_1000,trail_10_4,PE,False
48,58.3,1.0,-0.4,-0.01,-0.02,25,56.0,-0.67,23,60.9,0.47,g50_18_1015,trail_8_5,PE,False
53,45.3,1.0,-0.7,-0.01,-0.02,27,33.3,-1.9,26,57.7,1.73,g55_30_1015,mtm_16_8,PE,False
53,45.3,1.0,-0.7,-0.01,-0.02,27,33.3,-1.9,26,57.7,1.73,g55_35_1015,mtm_16_8,PE,False
51,47.1,1.0,-0.7,-0.01,-0.03,26,57.7,4.79,25,36.0,-6.34,g50_30_0945,mtm_8_6,PE,False
51,47.1,1.0,-0.7,-0.01,-0.03,26,57.7,4.79,25,36.0,-6.34,g50_35_0945,mtm_8_6,PE,False
48,45.8,0.99,-2.0,-0.04,-0.03,24,41.7,1.33,24,50.0,-2.91,g55_30_0945,hold,PE,False
48,45.8,0.99,-2.0,-0.04,-0.03,24,41.7,1.33,24,50.0,-2.91,g55_35_0945,hold,PE,False
40,55.0,0.99,-1.0,-0.02,-0.04,19,52.6,1.88,21,57.1,-1.59,g60_18_1015,trail_10_4,PE,False
43,53.5,0.99,-1.1,-0.03,-0.04,21,47.6,0.3,22,59.1,-0.32,g60_22_1015,trail_10_4,PE,False
40,47.5,0.99,-1.4,-0.04,-0.05,19,36.8,-1.04,21,57.1,0.61,g60_18_1015,mtm_20_10,PE,False
39,53.8,0.99,-1.6,-0.04,-0.07,19,52.6,1.88,20,55.0,-1.68,g62_18_1015,trail_10_4,PE,False
42,52.4,0.99,-1.7,-0.04,-0.07,21,47.6,0.3,21,57.1,-0.37,g62_22_1015,trail_10_4,PE,False
39,53.8,0.99,-1.6,-0.04,-0.07,19,52.6,1.88,20,55.0,-1.68,g65_18_1015,trail_10_4,PE,False
42,52.4,0.99,-1.7,-0.04,-0.07,21,47.6,0.3,21,57.1,-0.37,g65_22_1015,trail_10_4,PE,False
39,46.2,0.99,-2.0,-0.05,-0.08,19,36.8,-1.04,20,55.0,0.59,g62_18_1015,mtm_20_10,PE,False
39,46.2,0.99,-2.0,-0.05,-0.08,19,36.8,-1.04,20,55.0,0.59,g65_18_1015,mtm_20_10,PE,False
48,45.8,0.99,-2.6,-0.05,-0.11,24,54.2,4.24,24,37.5,-5.73,g55_30_0945,mtm_8_6,PE,False
48,45.8,0.99,-2.6,-0.05,-0.11,24,54.2,4.24,24,37.5,-5.73,g55_35_0945,mtm_8_6,PE,False
44,56.8,0.98,-2.6,-0.06,-0.11,22,68.2,5.14,22,45.5,-5.21,g55_22_0945,trail_10_4,PE,False
49,44.9,0.98,-3.8,-0.08,-0.11,25,32.0,-2.16,24,58.3,1.59,g58_30_1015,mtm_20_10,PE,False
49,44.9,0.98,-3.8,-0.08,-0.11,25,32.0,-2.16,24,58.3,1.59,g58_35_1015,mtm_20_10,PE,False
46,52.2,0.98,-2.7,-0.06,-0.12,24,54.2,-0.49,22,50.0,0.16,g50_25_1000,trail_6_3,PE,False
46,52.2,0.98,-2.7,-0.06,-0.12,24,54.2,-0.49,22,50.0,0.16,g50_28_1000,trail_6_3,PE,False
48,47.9,0.98,-3.4,-0.07,-0.12,25,40.0,0.01,23,56.5,-0.26,g50_18_1015,mtm_12_8,PE,False
54,44.4,0.98,-4.0,-0.07,-0.12,28,32.1,-2.06,26,57.7,1.73,g50_25_1015,mtm_16_8,PE,False
54,44.4,0.98,-4.0,-0.07,-0.12,28,32.1,-2.06,26,57.7,1.73,g50_28_1015,mtm_16_8,PE,False
51,52.9,0.98,-3.7,-0.07,-0.12,26,50.0,1.03,25,56.0,-1.13,g60_x_1015,trail_10_4,PE,False
47,55.3,0.98,-3.3,-0.07,-0.13,23,47.8,-2.77,24,62.5,1.67,g60_30_1015,trail_8_5,PE,False
47,55.3,0.98,-3.3,-0.07,-0.13,23,47.8,-2.77,24,62.5,1.67,g60_35_1015,trail_8_5,PE,False
53,45.3,0.98,-4.8,-0.09,-0.13,27,33.3,-2.04,26,57.7,1.41,g55_30_1015,mtm_20_10,PE,False
53,45.3,0.98,-4.8,-0.09,-0.13,27,33.3,-2.04,26,57.7,1.41,g55_35_1015,mtm_20_10,PE,False
50,52.0,0.98,-4.3,-0.09,-0.14,26,50.0,1.03,24,54.2,-1.19,g62_x_1015,trail_10_4,PE,False
50,52.0,0.98,-4.3,-0.09,-0.14,26,50.0,1.03,24,54.2,-1.19,g65_x_1015,trail_10_4,PE,False
47,46.8,0.97,-8.4,-0.18,-0.14,24,45.8,1.54,23,47.8,-3.86,g58_x_0945,hold,PE,False
47,46.8,0.97,-8.4,-0.18,-0.14,24,45.8,1.54,23,47.8,-3.86,g60_x_0945,hold,PE,False
53,54.7,0.98,-4.4,-0.08,-0.15,27,48.1,-1.75,26,61.5,1.26,g55_30_1015,trail_8_4,PE,False
53,54.7,0.98,-4.4,-0.08,-0.15,27,48.1,-1.75,26,61.5,1.26,g55_35_1015,trail_8_4,PE,False
57,54.4,0.98,-4.6,-0.08,-0.15,30,50.0,-1.05,27,59.3,0.67,g55_x_1015,trail_8_4,PE,False
46,54.3,0.98,-3.9,-0.08,-0.15,23,47.8,-2.77,23,60.9,1.66,g62_30_1015,trail_8_5,PE,False
46,54.3,0.98,-3.9,-0.08,-0.15,23,47.8,-2.77,23,60.9,1.66,g62_35_1015,trail_8_5,PE,False
46,54.3,0.98,-3.9,-0.08,-0.15,23,47.8,-2.77,23,60.9,1.66,g65_30_1015,trail_8_5,PE,False
46,54.3,0.98,-3.9,-0.08,-0.15,23,47.8,-2.77,23,60.9,1.66,g65_35_1015,trail_8_5,PE,False
59,54.2,0.98,-5.0,-0.08,-0.16,32,50.0,-1.04,27,59.3,0.67,g50_x_1015,trail_8_4,PE,False
55,54.5,0.98,-4.8,-0.09,-0.16,29,48.3,-1.71,26,61.5,1.26,g50_30_1015,trail_8_4,PE,False
55,54.5,0.98,-4.8,-0.09,-0.16,29,48.3,-1.71,26,61.5,1.26,g50_35_1015,trail_8_4,PE,False
43,48.8,0.98,-4.2,-0.1,-0.17,21,61.9,5.58,22,36.4,-6.6,g50_18_0945,mtm_12_8,PE,False
51,47.1,0.98,-5.0,-0.1,-0.17,27,37.0,-0.91,24,58.3,0.61,g50_22_1015,mtm_12_8,PE,False
49,53.1,0.98,-5.2,-0.11,-0.17,25,48.0,0.05,24,58.3,-0.38,g58_30_1015,trail_10_4,PE,False
49,53.1,0.98,-5.2,-0.11,-0.17,25,48.0,0.05,24,58.3,-0.38,g58_35_1015,trail_10_4,PE,False
46,45.7,0.96,-9.8,-0.21,-0.17,24,45.8,1.54,22,45.5,-4.04,g62_x_0945,hold,PE,False
46,45.7,0.96,-9.8,-0.21,-0.17,24,45.8,1.54,22,45.5,-4.04,g65_x_0945,hold,PE,False
51,54.9,0.97,-5.3,-0.1,-0.19,26,50.0,-1.98,25,60.0,1.07,g60_x_1015,trail_8_5,PE,False
53,52.8,0.97,-6.1,-0.12,-0.19,27,48.1,0.09,26,57.7,-0.45,g55_30_1015,trail_10_4,PE,False
53,52.8,0.97,-6.1,-0.12,-0.19,27,48.1,0.09,26,57.7,-0.45,g55_35_1015,trail_10_4,PE,False
57,45.6,0.97,-6.6,-0.12,-0.19,30,36.7,-1.64,27,55.6,1.2,g55_x_1015,mtm_16_8,PE,False
53,47.2,0.97,-6.1,-0.11,-0.2,27,37.0,-1.31,26,57.7,0.89,g55_30_1015,mtm_12_8,PE,False
53,47.2,0.97,-6.1,-0.11,-0.2,27,37.0,-1.31,26,57.7,0.89,g55_35_1015,mtm_12_8,PE,False
52,55.8,0.97,-6.2,-0.12,-0.22,26,50.0,-2.61,26,61.5,1.45,g55_25_1015,trail_8_5,PE,False
52,55.8,0.97,-6.2,-0.12,-0.22,26,50.0,-2.61,26,61.5,1.45,g55_28_1015,trail_8_5,PE,False
50,54.0,0.97,-5.9,-0.12,-0.22,26,50.0,-1.98,24,58.3,1.05,g62_x_1015,trail_8_5,PE,False
50,54.0,0.97,-5.9,-0.12,-0.22,26,50.0,-1.98,24,58.3,1.05,g65_x_1015,trail_8_5,PE,False
54,55.6,0.97,-6.5,-0.12,-0.23,28,50.0,-2.54,26,61.5,1.45,g50_25_1015,trail_8_5,PE,False
54,55.6,0.97,-6.5,-0.12,-0.23,28,50.0,-2.54,26,61.5,1.45,g50_28_1015,trail_8_5,PE,False
47,57.4,0.97,-6.3,-0.13,-0.24,24,70.8,5.5,23,43.5,-5.87,g50_22_0945,trail_10_4,PE,False
42,57.1,0.97,-5.7,-0.13,-0.24,20,70.0,5.21,22,45.5,-5.32,g58_25_0945,trail_10_4,PE,False
42,57.1,0.97,-5.7,-0.13,-0.24,20,70.0,5.21,22,45.5,-5.32,g58_28_0945,trail_10_4,PE,False
42,57.1,0.97,-5.7,-0.13,-0.24,20,70.0,5.21,22,45.5,-5.32,g60_25_0945,trail_10_4,PE,False
42,57.1,0.97,-5.7,-0.13,-0.24,20,70.0,5.21,22,45.5,-5.32,g60_28_0945,trail_10_4,PE,False
45,53.3,0.96,-6.8,-0.15,-0.25,23,47.8,-0.18,22,59.1,-0.32,g58_22_1015,trail_10_4,PE,False
49,53.1,0.96,-7.7,-0.16,-0.27,25,48.0,-0.13,24,58.3,-0.39,g55_22_1015,trail_10_4,PE,False
42,54.8,0.96,-6.6,-0.16,-0.27,21,52.4,1.22,21,57.1,-1.59,g58_18_1015,trail_10_4,PE,False
52,46.2,0.94,-17.0,-0.33,-0.27,27,44.4,1.14,25,48.0,-3.38,g55_x_0945,hold,PE,False
46,45.7,0.96,-8.6,-0.19,-0.28,22,31.8,-3.13,24,58.3,1.59,g60_25_1015,mtm_20_10,PE,False
46,45.7,0.96,-8.6,-0.19,-0.28,22,31.8,-3.13,24,58.3,1.59,g60_28_1015,mtm_20_10,PE,False
49,55.1,0.96,-7.8,-0.16,-0.29,25,48.0,-2.96,24,62.5,1.67,g58_30_1015,trail_8_5,PE,False
49,55.1,0.96,-7.8,-0.16,-0.29,25,48.0,-2.96,24,62.5,1.67,g58_35_1015,trail_8_5,PE,False
46,54.3,0.96,-7.6,-0.17,-0.29,23,52.2,1.21,23,56.5,-1.56,g55_18_1015,trail_10_4,PE,False
35,57.1,0.96,-4.3,-0.12,-0.3,16,68.8,3.95,19,47.4,-3.78,g58_18_0945,trail_6_3,PE,False
35,57.1,0.96,-4.3,-0.12,-0.3,16,68.8,3.95,19,47.4,-3.78,g60_18_0945,trail_6_3,PE,False
41,56.1,0.96,-7.1,-0.17,-0.3,20,70.0,5.21,21,42.9,-5.6,g62_25_0945,trail_10_4,PE,False
41,56.1,0.96,-7.1,-0.17,-0.3,20,70.0,5.21,21,42.9,-5.6,g62_28_0945,trail_10_4,PE,False
41,56.1,0.96,-7.1,-0.17,-0.3,20,70.0,5.21,21,42.9,-5.6,g65_25_0945,trail_10_4,PE,False
41,56.1,0.96,-7.1,-0.17,-0.3,20,70.0,5.21,21,42.9,-5.6,g65_28_0945,trail_10_4,PE,False
54,46.3,0.96,-9.4,-0.17,-0.3,28,35.7,-1.49,26,57.7,0.89,g50_25_1015,mtm_12_8,PE,False
54,46.3,0.96,-9.4,-0.17,-0.3,28,35.7,-1.49,26,57.7,0.89,g50_28_1015,mtm_12_8,PE,False
53,52.8,0.96,-9.3,-0.18,-0.3,28,50.0,0.59,25,56.0,-1.13,g58_x_1015,trail_10_4,PE,False
45,44.4,0.96,-9.2,-0.21,-0.3,22,31.8,-3.13,23,56.5,1.59,g62_25_1015,mtm_20_10,PE,False
45,44.4,0.96,-9.2,-0.21,-0.3,22,31.8,-3.13,23,56.5,1.59,g62_28_1015,mtm_20_10,PE,False
45,44.4,0.96,-9.2,-0.21,-0.3,22,31.8,-3.13,23,56.5,1.59,g65_25_1015,mtm_20_10,PE,False
45,44.4,0.96,-9.2,-0.21,-0.3,22,31.8,-3.13,23,56.5,1.59,g65_28_1015,mtm_20_10,PE,False
57,52.6,0.96,-10.3,-0.18,-0.31,30,50.0,0.61,27,55.6,-1.14,g55_x_1015,trail_10_4,PE,False
39,56.4,0.96,-5.1,-0.13,-0.32,19,68.4,3.99,20,45.0,-4.4,g58_22_0945,trail_6_3,PE,False
39,56.4,0.96,-5.1,-0.13,-0.32,19,68.4,3.99,20,45.0,-4.4,g60_22_0945,trail_6_3,PE,False
53,54.7,0.95,-9.8,-0.18,-0.35,28,50.0,-2.21,25,60.0,1.07,g58_x_1015,trail_8_5,PE,False
55,43.6,0.95,-12.3,-0.22,-0.36,29,31.0,-2.5,26,57.7,1.73,g50_30_1015,mtm_16_8,PE,False
55,43.6,0.95,-12.3,-0.22,-0.36,29,31.0,-2.5,26,57.7,1.73,g50_35_1015,mtm_16_8,PE,False
57,47.4,0.95,-11.9,-0.21,-0.37,30,40.0,-1.07,27,55.6,0.34,g55_x_1015,mtm_12_8,PE,False
57,45.6,0.94,-14.6,-0.26,-0.38,30,36.7,-1.77,27,55.6,0.76,g55_x_1015,mtm_20_10,PE,False
53,45.3,0.94,-13.6,-0.26,-0.38,28,35.7,-1.88,25,56.0,0.88,g58_x_1015,mtm_20_10,PE,False
47,46.8,0.94,-10.6,-0.23,-0.4,24,58.3,4.98,23,34.8,-7.19,g50_22_0945,mtm_12_8,PE,False
34,55.9,0.94,-5.8,-0.17,-0.41,16,68.8,3.95,18,44.4,-4.09,g62_18_0945,trail_6_3,PE,False
38,55.3,0.94,-6.6,-0.17,-0.41,19,68.4,3.99,19,42.1,-4.73,g62_22_0945,trail_6_3,PE,False
34,55.9,0.94,-5.8,-0.17,-0.41,16,68.8,3.95,18,44.4,-4.09,g65_18_0945,trail_6_3,PE,False
38,55.3,0.94,-6.6,-0.17,-0.41,19,68.4,3.99,19,42.1,-4.73,g65_22_0945,trail_6_3,PE,False
51,45.1,0.91,-26.6,-0.52,-0.42,26,42.3,1.09,25,48.0,-3.64,g50_30_0945,hold,PE,False
51,45.1,0.91,-26.6,-0.52,-0.42,26,42.3,1.09,25,48.0,-3.64,g50_35_0945,hold,PE,False
43,58.1,0.94,-7.5,-0.17,-0.44,21,71.4,4.15,22,45.5,-4.51,g50_18_0945,trail_6_3,PE,False
47,57.4,0.94,-8.3,-0.18,-0.44,24,70.8,4.15,23,43.5,-5.04,g50_22_0945,trail_6_3,PE,False
50,46.0,0.94,-13.2,-0.26,-0.46,25,56.0,4.15,25,36.0,-5.61,g50_25_0945,mtm_12_8,PE,False
50,46.0,0.94,-13.2,-0.26,-0.46,25,56.0,4.15,25,36.0,-5.61,g50_28_0945,mtm_12_8,PE,False
49,44.9,0.93,-14.8,-0.3,-0.46,25,32.0,-3.36,24,58.3,1.59,g55_22_1015,mtm_20_10,PE,False
45,44.4,0.93,-13.9,-0.31,-0.46,23,30.4,-3.57,22,59.1,1.8,g58_22_1015,mtm_20_10,PE,False
47,55.3,0.94,-12.5,-0.26,-0.47,23,65.2,3.91,24,45.8,-4.57,g55_25_0945,trail_10_4,PE,False
47,55.3,0.94,-12.5,-0.26,-0.47,23,65.2,3.91,24,45.8,-4.57,g55_28_0945,trail_10_4,PE,False
55,43.6,0.93,-17.8,-0.32,-0.48,29,31.0,-2.7,26,57.7,1.41,g50_30_1015,mtm_20_10,PE,False
55,43.6,0.93,-17.8,-0.32,-0.48,29,31.0,-2.7,26,57.7,1.41,g50_35_1015,mtm_20_10,PE,False
44,56.8,0.93,-8.7,-0.2,-0.49,22,68.2,3.36,22,45.5,-4.32,g55_22_0945,trail_6_3,PE,False
46,52.2,0.93,-13.6,-0.29,-0.49,22,45.5,-0.62,24,58.3,-0.38,g60_25_1015,trail_10_4,PE,False
46,52.2,0.93,-13.6,-0.29,-0.49,22,45.5,-0.62,24,58.3,-0.38,g60_28_1015,trail_10_4,PE,False
40,57.5,0.93,-8.0,-0.2,-0.5,19,68.4,3.22,21,47.6,-3.74,g55_18_0945,trail_6_3,PE,False
55,54.5,0.93,-14.9,-0.27,-0.5,29,48.3,-3.11,26,61.5,1.45,g50_30_1015,trail_8_5,PE,False
55,54.5,0.93,-14.9,-0.27,-0.5,29,48.3,-3.11,26,61.5,1.45,g50_35_1015,trail_8_5,PE,False
53,54.7,0.93,-14.5,-0.27,-0.5,27,48.1,-3.21,26,61.5,1.45,g55_30_1015,trail_8_5,PE,False
53,54.7,0.93,-14.5,-0.27,-0.5,27,48.1,-3.21,26,61.5,1.45,g55_35_1015,trail_8_5,PE,False
59,44.1,0.93,-18.2,-0.31,-0.51,32,34.4,-2.22,27,55.6,1.2,g50_x_1015,mtm_16_8,PE,False
45,51.1,0.93,-14.2,-0.31,-0.52,22,45.5,-0.62,23,56.5,-0.43,g62_25_1015,trail_10_4,PE,False
45,51.1,0.93,-14.2,-0.31,-0.52,22,45.5,-0.62,23,56.5,-0.43,g62_28_1015,trail_10_4,PE,False
45,51.1,0.93,-14.2,-0.31,-0.52,22,45.5,-0.62,23,56.5,-0.43,g65_25_1015,trail_10_4,PE,False
45,51.1,0.93,-14.2,-0.31,-0.52,22,45.5,-0.62,23,56.5,-0.43,g65_28_1015,trail_10_4,PE,False
42,54.8,0.93,-9.6,-0.23,-0.53,20,65.0,2.98,22,45.5,-3.51,g58_25_0945,trail_6_3,PE,False
42,54.8,0.93,-9.6,-0.23,-0.53,20,65.0,2.98,22,45.5,-3.51,g58_28_0945,trail_6_3,PE,False
42,54.8,0.93,-9.6,-0.23,-0.53,20,65.0,2.98,22,45.5,-3.51,g60_25_0945,trail_6_3,PE,False
42,54.8,0.93,-9.6,-0.23,-0.53,20,65.0,2.98,22,45.5,-3.51,g60_28_0945,trail_6_3,PE,False
59,54.2,0.92,-16.9,-0.29,-0.54,32,50.0,-2.42,27,59.3,0.9,g50_x_1015,trail_8_5,PE,False
57,54.4,0.92,-16.5,-0.29,-0.54,30,50.0,-2.49,27,59.3,0.9,g55_x_1015,trail_8_5,PE,False
55,45.5,0.92,-17.7,-0.32,-0.56,29,34.5,-1.96,26,57.7,0.89,g50_30_1015,mtm_12_8,PE,False
55,45.5,0.92,-17.7,-0.32,-0.56,29,34.5,-1.96,26,57.7,0.89,g50_35_1015,mtm_12_8,PE,False
50,56.0,0.92,-16.1,-0.32,-0.57,25,68.0,4.29,25,44.0,-5.17,g50_25_0945,trail_10_4,PE,False
50,56.0,0.92,-16.1,-0.32,-0.57,25,68.0,4.29,25,44.0,-5.17,g50_28_0945,trail_10_4,PE,False
55,50.9,0.92,-19.1,-0.35,-0.59,29,44.8,-0.73,26,57.7,-0.45,g50_30_1015,trail_10_4,PE,False
55,50.9,0.92,-19.1,-0.35,-0.59,29,44.8,-0.73,26,57.7,-0.45,g50_35_1015,trail_10_4,PE,False
50,56.0,0.92,-12.8,-0.26,-0.61,25,68.0,3.29,25,44.0,-4.14,g50_25_0945,trail_6_3,PE,False
50,56.0,0.92,-12.8,-0.26,-0.61,25,68.0,3.29,25,44.0,-4.14,g50_28_0945,trail_6_3,PE,False
41,53.7,0.92,-11.0,-0.27,-0.62,20,65.0,2.98,21,42.9,-3.77,g62_25_0945,trail_6_3,PE,False
41,53.7,0.92,-11.0,-0.27,-0.62,20,65.0,2.98,21,42.9,-3.77,g62_28_0945,trail_6_3,PE,False
41,53.7,0.92,-11.0,-0.27,-0.62,20,65.0,2.98,21,42.9,-3.77,g65_25_0945,trail_6_3,PE,False
41,53.7,0.92,-11.0,-0.27,-0.62,20,65.0,2.98,21,42.9,-3.77,g65_28_0945,trail_6_3,PE,False
55,45.5,0.87,-41.7,-0.76,-0.63,29,44.8,0.92,26,46.2,-4.07,g50_x_0945,hold,PE,False
52,51.9,0.91,-20.2,-0.39,-0.66,26,46.2,-0.91,26,57.7,-0.45,g55_25_1015,trail_10_4,PE,False
52,51.9,0.91,-20.2,-0.39,-0.66,26,46.2,-0.91,26,57.7,-0.45,g55_28_1015,trail_10_4,PE,False
47,55.3,0.91,-13.2,-0.28,-0.67,23,65.2,2.5,24,45.8,-3.5,g55_25_0945,trail_6_3,PE,False
47,55.3,0.91,-13.2,-0.28,-0.67,23,65.2,2.5,24,45.8,-3.5,g55_28_0945,trail_6_3,PE,False
48,52.1,0.91,-19.2,-0.4,-0.67,24,45.8,-1.0,24,58.3,-0.38,g58_25_1015,trail_10_4,PE,False
48,52.1,0.91,-19.2,-0.4,-0.67,24,45.8,-1.0,24,58.3,-0.38,g58_28_1015,trail_10_4,PE,False
59,50.8,0.91,-23.3,-0.39,-0.68,32,46.9,-0.2,27,55.6,-1.14,g50_x_1015,trail_10_4,PE,False
46,45.7,0.9,-20.1,-0.44,-0.68,23,34.8,-2.29,23,56.5,0.48,g55_18_1015,mtm_20_10,PE,False
42,45.2,0.9,-19.1,-0.45,-0.69,21,33.3,-2.46,21,57.1,0.61,g58_18_1015,mtm_20_10,PE,False
59,45.8,0.9,-23.5,-0.4,-0.71,32,37.5,-1.71,27,55.6,0.34,g50_x_1015,mtm_12_8,PE,False
51,51.0,0.9,-20.7,-0.41,-0.71,27,44.4,-1.04,24,58.3,-0.39,g50_22_1015,trail_10_4,PE,False
59,44.1,0.9,-27.6,-0.47,-0.71,32,34.4,-2.41,27,55.6,0.76,g50_x_1015,mtm_20_10,PE,False
48,52.1,0.89,-20.6,-0.43,-0.76,25,48.0,0.12,23,56.5,-1.56,g50_18_1015,trail_10_4,PE,False
52,44.2,0.89,-27.3,-0.53,-0.79,26,30.8,-4.02,26,57.7,1.41,g55_25_1015,mtm_20_10,PE,False
52,44.2,0.89,-27.3,-0.53,-0.79,26,30.8,-4.02,26,57.7,1.41,g55_28_1015,mtm_20_10,PE,False
48,43.8,0.89,-26.3,-0.55,-0.81,24,29.2,-4.26,24,58.3,1.59,g58_25_1015,mtm_20_10,PE,False
48,43.8,0.89,-26.3,-0.55,-0.81,24,29.2,-4.26,24,58.3,1.59,g58_28_1015,mtm_20_10,PE,False
51,43.1,0.88,-27.8,-0.55,-0.84,27,29.6,-4.1,24,58.3,1.59,g50_22_1015,mtm_20_10,PE,False
43,53.5,0.88,-16.0,-0.37,-0.87,21,61.9,2.07,22,45.5,-3.51,g58_30_0945,trail_6_3,PE,False
43,53.5,0.88,-16.0,-0.37,-0.87,21,61.9,2.07,22,45.5,-3.51,g58_35_0945,trail_6_3,PE,False
43,53.5,0.88,-16.0,-0.37,-0.87,21,61.9,2.07,22,45.5,-3.51,g60_30_0945,trail_6_3,PE,False
43,53.5,0.88,-16.0,-0.37,-0.87,21,61.9,2.07,22,45.5,-3.51,g60_35_0945,trail_6_3,PE,False
51,54.9,0.88,-19.2,-0.38,-0.9,26,65.4,2.5,25,44.0,-4.14,g50_30_0945,trail_6_3,PE,False
51,54.9,0.88,-19.2,-0.38,-0.9,26,65.4,2.5,25,44.0,-4.14,g50_35_0945,trail_6_3,PE,False
42,52.4,0.87,-17.5,-0.42,-0.96,21,61.9,2.07,21,42.9,-3.77,g62_30_0945,trail_6_3,PE,False
42,52.4,0.87,-17.5,-0.42,-0.96,21,61.9,2.07,21,42.9,-3.77,g62_35_0945,trail_6_3,PE,False
42,52.4,0.87,-17.5,-0.42,-0.96,21,61.9,2.07,21,42.9,-3.77,g65_30_0945,trail_6_3,PE,False
42,52.4,0.87,-17.5,-0.42,-0.96,21,61.9,2.07,21,42.9,-3.77,g65_35_0945,trail_6_3,PE,False
40,52.5,0.87,-18.6,-0.47,-0.97,19,68.4,5.74,21,38.1,-6.13,g55_18_0945,trail_8_4,PE,False
48,54.2,0.87,-19.6,-0.41,-0.98,24,62.5,1.71,24,45.8,-3.5,g55_30_0945,trail_6_3,PE,False
48,54.2,0.87,-19.6,-0.41,-0.98,24,62.5,1.71,24,45.8,-3.5,g55_35_0945,trail_6_3,PE,False
47,53.2,0.87,-19.5,-0.42,-0.98,24,58.3,1.32,23,47.8,-3.32,g58_x_0945,trail_6_3,PE,False
47,53.2,0.87,-19.5,-0.42,-0.98,24,58.3,1.32,23,47.8,-3.32,g60_x_0945,trail_6_3,PE,False
43,53.5,0.87,-19.9,-0.46,-0.98,21,71.4,6.31,22,36.4,-6.71,g50_18_0945,trail_8_4,PE,False
55,54.5,0.87,-22.7,-0.41,-0.99,29,62.1,1.78,26,46.2,-3.95,g50_x_0945,trail_6_3,PE,False
35,54.3,0.87,-16.5,-0.47,-0.99,16,75.0,8.06,19,36.8,-7.77,g58_18_0945,trail_8_4,PE,False
35,54.3,0.87,-16.5,-0.47,-0.99,16,75.0,8.06,19,36.8,-7.77,g60_18_0945,trail_8_4,PE,False
40,52.5,0.86,-20.3,-0.51,-1.04,19,68.4,5.12,21,38.1,-5.65,g55_18_0945,trail_8_5,PE,False
43,53.5,0.86,-21.6,-0.5,-1.05,21,71.4,5.71,22,36.4,-6.22,g50_18_0945,trail_8_5,PE,False
46,52.2,0.86,-21.0,-0.46,-1.06,24,58.3,1.32,22,45.5,-3.56,g62_x_0945,trail_6_3,PE,False
46,52.2,0.86,-21.0,-0.46,-1.06,24,58.3,1.32,22,45.5,-3.56,g65_x_0945,trail_6_3,PE,False
54,50.0,0.86,-33.2,-0.61,-1.06,28,42.9,-1.74,26,57.7,-0.45,g50_25_1015,trail_10_4,PE,False
54,50.0,0.86,-33.2,-0.61,-1.06,28,42.9,-1.74,26,57.7,-0.45,g50_28_1015,trail_10_4,PE,False
52,53.8,0.86,-23.2,-0.45,-1.07,27,59.3,1.07,25,48.0,-3.32,g55_x_0945,trail_6_3,PE,False
35,54.3,0.86,-18.1,-0.52,-1.07,16,75.0,7.24,19,36.8,-7.1,g58_18_0945,trail_8_5,PE,False
35,54.3,0.86,-18.1,-0.52,-1.07,16,75.0,7.24,19,36.8,-7.1,g60_18_0945,trail_8_5,PE,False
48,43.8,0.85,-33.1,-0.69,-1.09,25,32.0,-3.14,23,56.5,0.48,g50_18_1015,mtm_20_10,PE,False
34,52.9,0.86,-17.9,-0.53,-1.1,16,75.0,8.06,18,33.3,-8.26,g62_18_0945,trail_8_4,PE,False
34,52.9,0.86,-17.9,-0.53,-1.1,16,75.0,8.06,18,33.3,-8.26,g65_18_0945,trail_8_4,PE,False
54,42.6,0.84,-40.3,-0.75,-1.14,28,28.6,-4.7,26,57.7,1.41,g50_25_1015,mtm_20_10,PE,False
54,42.6,0.84,-40.3,-0.75,-1.14,28,28.6,-4.7,26,57.7,1.41,g50_28_1015,mtm_20_10,PE,False
47,53.2,0.85,-25.8,-0.55,-1.15,24,70.8,5.59,23,34.8,-7.3,g50_22_0945,trail_8_4,PE,False
44,52.3,0.85,-24.5,-0.56,-1.16,22,68.2,5.09,22,36.4,-6.75,g55_22_0945,trail_8_4,PE,False
34,52.9,0.85,-19.6,-0.58,-1.18,16,75.0,7.24,18,33.3,-7.54,g62_18_0945,trail_8_5,PE,False
34,52.9,0.85,-19.6,-0.58,-1.18,16,75.0,7.24,18,33.3,-7.54,g65_18_0945,trail_8_5,PE,False
39,53.8,0.85,-22.4,-0.57,-1.2,19,73.7,6.8,20,35.0,-8.47,g58_22_0945,trail_8_4,PE,False
39,53.8,0.85,-22.4,-0.57,-1.2,19,73.7,6.8,20,35.0,-8.47,g60_22_0945,trail_8_4,PE,False
38,52.6,0.84,-23.8,-0.63,-1.3,19,73.7,6.8,19,31.6,-8.98,g62_22_0945,trail_8_4,PE,False
38,52.6,0.84,-23.8,-0.63,-1.3,19,73.7,6.8,19,31.6,-8.98,g65_22_0945,trail_8_4,PE,False
50,52.0,0.83,-32.5,-0.65,-1.34,25,68.0,4.38,25,36.0,-6.27,g50_25_0945,trail_8_4,PE,False
50,52.0,0.83,-32.5,-0.65,-1.34,25,68.0,4.38,25,36.0,-6.27,g50_28_0945,trail_8_4,PE,False
47,51.1,0.83,-31.3,-0.67,-1.35,23,65.2,3.87,24,37.5,-5.76,g55_25_0945,trail_8_4,PE,False
47,51.1,0.83,-31.3,-0.67,-1.35,23,65.2,3.87,24,37.5,-5.76,g55_28_0945,trail_8_4,PE,False
42,52.4,0.82,-29.1,-0.69,-1.42,20,70.0,5.19,22,36.4,-7.03,g58_25_0945,trail_8_4,PE,False
42,52.4,0.82,-29.1,-0.69,-1.42,20,70.0,5.19,22,36.4,-7.03,g58_28_0945,trail_8_4,PE,False
42,52.4,0.82,-29.1,-0.69,-1.42,20,70.0,5.19,22,36.4,-7.03,g60_25_0945,trail_8_4,PE,False
42,52.4,0.82,-29.1,-0.69,-1.42,20,70.0,5.19,22,36.4,-7.03,g60_28_0945,trail_8_4,PE,False
47,53.2,0.81,-33.0,-0.7,-1.48,24,70.8,4.66,23,34.8,-6.8,g50_22_0945,trail_8_5,PE,False
44,52.3,0.81,-31.8,-0.72,-1.5,22,68.2,4.11,22,36.4,-6.25,g55_22_0945,trail_8_5,PE,False
41,51.2,0.81,-30.6,-0.75,-1.51,20,70.0,5.19,21,33.3,-7.4,g62_25_0945,trail_8_4,PE,False
41,51.2,0.81,-30.6,-0.75,-1.51,20,70.0,5.19,21,33.3,-7.4,g62_28_0945,trail_8_4,PE,False
41,51.2,0.81,-30.6,-0.75,-1.51,20,70.0,5.19,21,33.3,-7.4,g65_25_0945,trail_8_4,PE,False
41,51.2,0.81,-30.6,-0.75,-1.51,20,70.0,5.19,21,33.3,-7.4,g65_28_0945,trail_8_4,PE,False
39,53.8,0.8,-29.5,-0.76,-1.58,19,73.7,5.64,20,35.0,-7.77,g58_22_0945,trail_8_5,PE,False
39,53.8,0.8,-29.5,-0.76,-1.58,19,73.7,5.64,20,35.0,-7.77,g60_22_0945,trail_8_5,PE,False
50,52.0,0.79,-39.8,-0.8,-1.64,25,68.0,3.51,25,36.0,-5.87,g50_25_0945,trail_8_5,PE,False
50,52.0,0.79,-39.8,-0.8,-1.64,25,68.0,3.51,25,36.0,-5.87,g50_28_0945,trail_8_5,PE,False
47,51.1,0.79,-38.5,-0.82,-1.67,23,65.2,2.95,24,37.5,-5.37,g55_25_0945,trail_8_5,PE,False
47,51.1,0.79,-38.5,-0.82,-1.67,23,65.2,2.95,24,37.5,-5.37,g55_28_0945,trail_8_5,PE,False
38,52.6,0.79,-31.0,-0.82,-1.69,19,73.7,5.64,19,31.6,-8.23,g62_22_0945,trail_8_5,PE,False
38,52.6,0.79,-31.0,-0.82,-1.69,19,73.7,5.64,19,31.6,-8.23,g65_22_0945,trail_8_5,PE,False
35,48.6,0.76,-38.3,-1.1,-1.74,16,50.0,0.28,19,47.4,-3.54,g58_18_0945,mtm_20_10,PE,False
35,48.6,0.76,-38.3,-1.1,-1.74,16,50.0,0.28,19,47.4,-3.54,g60_18_0945,mtm_20_10,PE,False
42,52.4,0.78,-36.3,-0.86,-1.77,20,70.0,4.14,22,36.4,-6.52,g58_25_0945,trail_8_5,PE,False
42,52.4,0.78,-36.3,-0.86,-1.77,20,70.0,4.14,22,36.4,-6.52,g58_28_0945,trail_8_5,PE,False
42,52.4,0.78,-36.3,-0.86,-1.77,20,70.0,4.14,22,36.4,-6.52,g60_25_0945,trail_8_5,PE,False
42,52.4,0.78,-36.3,-0.86,-1.77,20,70.0,4.14,22,36.4,-6.52,g60_28_0945,trail_8_5,PE,False
40,47.5,0.76,-45.5,-1.14,-1.83,19,47.4,-0.48,21,47.6,-3.02,g55_18_0945,mtm_20_10,PE,False
34,47.1,0.76,-39.8,-1.17,-1.83,16,50.0,0.28,18,44.4,-3.78,g62_18_0945,mtm_20_10,PE,False
34,47.1,0.76,-39.8,-1.17,-1.83,16,50.0,0.28,18,44.4,-3.78,g65_18_0945,mtm_20_10,PE,False
41,51.2,0.77,-37.8,-0.92,-1.86,20,70.0,4.14,21,33.3,-6.86,g62_25_0945,trail_8_5,PE,False
41,51.2,0.77,-37.8,-0.92,-1.86,20,70.0,4.14,21,33.3,-6.86,g62_28_0945,trail_8_5,PE,False
41,51.2,0.77,-37.8,-0.92,-1.86,20,70.0,4.14,21,33.3,-6.86,g65_25_0945,trail_8_5,PE,False
41,51.2,0.77,-37.8,-0.92,-1.86,20,70.0,4.14,21,33.3,-6.86,g65_28_0945,trail_8_5,PE,False
43,44.2,0.74,-55.1,-1.28,-1.94,21,42.9,-0.31,22,45.5,-3.71,g58_30_0945,mtm_20_10,PE,False
43,44.2,0.74,-55.1,-1.28,-1.94,21,42.9,-0.31,22,45.5,-3.71,g58_35_0945,mtm_20_10,PE,False
43,44.2,0.74,-55.1,-1.28,-1.94,21,42.9,-0.31,22,45.5,-3.71,g60_30_0945,mtm_20_10,PE,False
43,44.2,0.74,-55.1,-1.28,-1.94,21,42.9,-0.31,22,45.5,-3.71,g60_35_0945,mtm_20_10,PE,False
48,43.8,0.74,-62.3,-1.3,-2.0,24,41.7,-0.82,24,45.8,-3.23,g55_30_0945,mtm_20_10,PE,False
48,43.8,0.74,-62.3,-1.3,-2.0,24,41.7,-0.82,24,45.8,-3.23,g55_35_0945,mtm_20_10,PE,False
42,42.9,0.74,-56.5,-1.35,-2.02,21,42.9,-0.31,21,42.9,-3.92,g62_30_0945,mtm_20_10,PE,False
42,42.9,0.74,-56.5,-1.35,-2.02,21,42.9,-0.31,21,42.9,-3.92,g62_35_0945,mtm_20_10,PE,False
42,42.9,0.74,-56.5,-1.35,-2.02,21,42.9,-0.31,21,42.9,-3.92,g65_30_0945,mtm_20_10,PE,False
42,42.9,0.74,-56.5,-1.35,-2.02,21,42.9,-0.31,21,42.9,-3.92,g65_35_0945,mtm_20_10,PE,False
35,51.4,0.69,-53.0,-1.51,-2.26,16,50.0,-1.26,19,52.6,-2.89,g58_18_0945,hold,PE,False
35,51.4,0.69,-53.0,-1.51,-2.26,16,50.0,-1.26,19,52.6,-2.89,g60_18_0945,hold,PE,False
47,44.7,0.7,-69.8,-1.49,-2.3,24,45.8,-0.51,23,43.5,-4.35,g58_x_0945,mtm_20_10,PE,False
47,44.7,0.7,-69.8,-1.49,-2.3,24,45.8,-0.51,23,43.5,-4.35,g60_x_0945,mtm_20_10,PE,False
52,44.2,0.7,-77.0,-1.48,-2.32,27,44.4,-0.96,25,44.0,-3.82,g55_x_0945,mtm_20_10,PE,False
40,50.0,0.69,-61.6,-1.54,-2.33,19,47.4,-2.22,21,52.4,-2.39,g55_18_0945,hold,PE,False
34,50.0,0.68,-54.4,-1.6,-2.35,16,50.0,-1.26,18,50.0,-3.07,g62_18_0945,hold,PE,False
34,50.0,0.68,-54.4,-1.6,-2.35,16,50.0,-1.26,18,50.0,-3.07,g65_18_0945,hold,PE,False
46,43.5,0.7,-71.3,-1.55,-2.38,24,45.8,-0.51,22,40.9,-4.57,g62_x_0945,mtm_20_10,PE,False
46,43.5,0.7,-71.3,-1.55,-2.38,24,45.8,-0.51,22,40.9,-4.57,g65_x_0945,mtm_20_10,PE,False
43,46.5,0.69,-64.2,-1.49,-2.44,21,47.6,-1.05,22,45.5,-3.68,g50_18_0945,mtm_20_10,PE,False
51,43.1,0.69,-80.9,-1.59,-2.48,26,42.3,-1.23,25,44.0,-3.81,g50_30_0945,mtm_20_10,PE,False
51,43.1,0.69,-80.9,-1.59,-2.48,26,42.3,-1.23,25,44.0,-3.81,g50_35_0945,mtm_20_10,PE,False
55,43.6,0.66,-95.7,-1.74,-2.76,29,44.8,-1.34,26,42.3,-4.37,g50_x_0945,mtm_20_10,PE,False
48,37.5,0.66,-80.5,-1.68,-2.84,24,37.5,-1.25,24,37.5,-4.61,g55_30_0945,mtm_16_8,PE,False
48,37.5,0.66,-80.5,-1.68,-2.84,24,37.5,-1.25,24,37.5,-4.61,g55_35_0945,mtm_16_8,PE,False
44,43.2,0.65,-76.6,-1.74,-2.86,22,40.9,-2.01,22,45.5,-3.64,g55_22_0945,mtm_20_10,PE,False
39,43.6,0.64,-69.4,-1.78,-2.9,19,42.1,-1.51,20,45.0,-4.23,g58_22_0945,mtm_20_10,PE,False
39,43.6,0.64,-69.4,-1.78,-2.9,19,42.1,-1.51,20,45.0,-4.23,g60_22_0945,mtm_20_10,PE,False
38,42.1,0.63,-70.9,-1.87,-3.0,19,42.1,-1.51,19,42.1,-4.47,g62_22_0945,mtm_20_10,PE,False
38,42.1,0.63,-70.9,-1.87,-3.0,19,42.1,-1.51,19,42.1,-4.47,g65_22_0945,mtm_20_10,PE,False
47,42.6,0.64,-86.4,-1.84,-3.01,23,39.1,-2.69,24,45.8,-3.23,g55_25_0945,mtm_20_10,PE,False
47,42.6,0.64,-86.4,-1.84,-3.01,23,39.1,-2.69,24,45.8,-3.23,g55_28_0945,mtm_20_10,PE,False
43,37.2,0.64,-77.9,-1.81,-3.02,21,38.1,-0.87,22,36.4,-5.56,g58_30_0945,mtm_16_8,PE,False
43,37.2,0.64,-77.9,-1.81,-3.02,21,38.1,-0.87,22,36.4,-5.56,g58_35_0945,mtm_16_8,PE,False
43,37.2,0.64,-77.9,-1.81,-3.02,21,38.1,-0.87,22,36.4,-5.56,g60_30_0945,mtm_16_8,PE,False
43,37.2,0.64,-77.9,-1.81,-3.02,21,38.1,-0.87,22,36.4,-5.56,g60_35_0945,mtm_16_8,PE,False
43,48.8,0.61,-86.3,-2.01,-3.05,21,47.6,-2.74,22,50.0,-3.27,g50_18_0945,hold,PE,False
42,42.9,0.63,-79.2,-1.89,-3.06,20,40.0,-2.28,22,45.5,-3.71,g58_25_0945,mtm_20_10,PE,False
42,42.9,0.63,-79.2,-1.89,-3.06,20,40.0,-2.28,22,45.5,-3.71,g58_28_0945,mtm_20_10,PE,False
42,42.9,0.63,-79.2,-1.89,-3.06,20,40.0,-2.28,22,45.5,-3.71,g60_25_0945,mtm_20_10,PE,False
42,42.9,0.63,-79.2,-1.89,-3.06,20,40.0,-2.28,22,45.5,-3.71,g60_28_0945,mtm_20_10,PE,False
40,40.0,0.63,-68.9,-1.72,-3.11,19,42.1,-1.33,21,38.1,-4.74,g55_18_0945,mtm_16_8,PE,False
42,35.7,0.63,-79.4,-1.89,-3.12,21,38.1,-0.87,21,33.3,-5.85,g62_30_0945,mtm_16_8,PE,False
42,35.7,0.63,-79.4,-1.89,-3.12,21,38.1,-0.87,21,33.3,-5.85,g62_35_0945,mtm_16_8,PE,False
42,35.7,0.63,-79.4,-1.89,-3.12,21,38.1,-0.87,21,33.3,-5.85,g65_30_0945,mtm_16_8,PE,False
42,35.7,0.63,-79.4,-1.89,-3.12,21,38.1,-0.87,21,33.3,-5.85,g65_35_0945,mtm_16_8,PE,False
52,38.5,0.63,-95.3,-1.83,-3.14,27,40.7,-1.37,25,36.0,-5.24,g55_x_0945,mtm_16_8,PE,False
41,41.5,0.62,-80.7,-1.97,-3.16,20,40.0,-2.28,21,42.9,-3.92,g62_25_0945,mtm_20_10,PE,False
41,41.5,0.62,-80.7,-1.97,-3.16,20,40.0,-2.28,21,42.9,-3.92,g62_28_0945,mtm_20_10,PE,False
41,41.5,0.62,-80.7,-1.97,-3.16,20,40.0,-2.28,21,42.9,-3.92,g65_25_0945,mtm_20_10,PE,False
41,41.5,0.62,-80.7,-1.97,-3.16,20,40.0,-2.28,21,42.9,-3.92,g65_28_0945,mtm_20_10,PE,False
51,37.3,0.62,-95.3,-1.87,-3.23,26,38.5,-1.59,25,36.0,-5.1,g50_30_0945,mtm_16_8,PE,False
51,37.3,0.62,-95.3,-1.87,-3.23,26,38.5,-1.59,25,36.0,-5.1,g50_35_0945,mtm_16_8,PE,False
44,45.5,0.59,-94.6,-2.15,-3.3,22,40.9,-4.12,22,50.0,-2.62,g55_22_0945,hold,PE,False
47,38.3,0.61,-92.7,-1.97,-3.34,24,41.7,-1.04,23,34.8,-6.23,g58_x_0945,mtm_16_8,PE,False
47,38.3,0.61,-92.7,-1.97,-3.34,24,41.7,-1.04,23,34.8,-6.23,g60_x_0945,mtm_16_8,PE,False
39,46.2,0.58,-86.0,-2.2,-3.34,19,42.1,-3.57,20,50.0,-3.12,g58_22_0945,hold,PE,False
39,46.2,0.58,-86.0,-2.2,-3.34,19,42.1,-3.57,20,50.0,-3.12,g60_22_0945,hold,PE,False
35,40.0,0.61,-66.4,-1.9,-3.38,16,43.8,-0.8,19,36.8,-5.88,g58_18_0945,mtm_16_8,PE,False
35,40.0,0.61,-66.4,-1.9,-3.38,16,43.8,-0.8,19,36.8,-5.88,g60_18_0945,mtm_16_8,PE,False
47,42.6,0.6,-95.3,-2.03,-3.38,24,41.7,-2.44,23,43.5,-4.26,g50_22_0945,mtm_20_10,PE,False
46,37.0,0.6,-94.2,-2.05,-3.44,24,41.7,-1.04,22,31.8,-6.53,g62_x_0945,mtm_16_8,PE,False
46,37.0,0.6,-94.2,-2.05,-3.44,24,41.7,-1.04,22,31.8,-6.53,g65_x_0945,mtm_16_8,PE,False
38,44.7,0.57,-87.4,-2.3,-3.45,19,42.1,-3.57,19,47.4,-3.31,g62_22_0945,hold,PE,False
38,44.7,0.57,-87.4,-2.3,-3.45,19,42.1,-3.57,19,47.4,-3.31,g65_22_0945,hold,PE,False
50,42.0,0.6,-105.1,-2.1,-3.49,25,40.0,-3.08,25,44.0,-3.81,g50_25_0945,mtm_20_10,PE,False
50,42.0,0.6,-105.1,-2.1,-3.49,25,40.0,-3.08,25,44.0,-3.81,g50_28_0945,mtm_20_10,PE,False
55,38.2,0.6,-110.1,-2.0,-3.5,29,41.4,-1.68,26,34.6,-5.69,g50_x_0945,mtm_16_8,PE,False
34,38.2,0.6,-67.8,-2.0,-3.51,16,43.8,-0.8,18,33.3,-6.24,g62_18_0945,mtm_16_8,PE,False
34,38.2,0.6,-67.8,-2.0,-3.51,16,43.8,-0.8,18,33.3,-6.24,g65_18_0945,mtm_16_8,PE,False
43,39.5,0.59,-83.8,-1.95,-3.59,21,42.9,-1.8,22,36.4,-5.29,g50_18_0945,mtm_16_8,PE,False
47,44.7,0.56,-117.7,-2.5,-3.7,23,39.1,-4.8,24,50.0,-2.91,g55_25_0945,hold,PE,False
47,44.7,0.56,-117.7,-2.5,-3.7,23,39.1,-4.8,24,50.0,-2.91,g55_28_0945,hold,PE,False
42,45.2,0.54,-109.0,-2.6,-3.78,20,40.0,-4.35,22,50.0,-3.37,g58_25_0945,hold,PE,False
42,45.2,0.54,-109.0,-2.6,-3.78,20,40.0,-4.35,22,50.0,-3.37,g58_28_0945,hold,PE,False
42,45.2,0.54,-109.0,-2.6,-3.78,20,40.0,-4.35,22,50.0,-3.37,g60_25_0945,hold,PE,False
42,45.2,0.54,-109.0,-2.6,-3.78,20,40.0,-4.35,22,50.0,-3.37,g60_28_0945,hold,PE,False
41,43.9,0.54,-110.5,-2.7,-3.89,20,40.0,-4.35,21,47.6,-3.55,g62_25_0945,hold,PE,False
41,43.9,0.54,-110.5,-2.7,-3.89,20,40.0,-4.35,21,47.6,-3.55,g62_28_0945,hold,PE,False
41,43.9,0.54,-110.5,-2.7,-3.89,20,40.0,-4.35,21,47.6,-3.55,g65_25_0945,hold,PE,False
41,43.9,0.54,-110.5,-2.7,-3.89,20,40.0,-4.35,21,47.6,-3.55,g65_28_0945,hold,PE,False
47,44.7,0.54,-119.3,-2.54,-3.91,24,41.7,-4.46,23,47.8,-3.46,g50_22_0945,hold,PE,False
47,36.2,0.56,-104.7,-2.23,-4.08,23,34.8,-3.43,24,37.5,-4.61,g55_25_0945,mtm_16_8,PE,False
47,36.2,0.56,-104.7,-2.23,-4.08,23,34.8,-3.43,24,37.5,-4.61,g55_28_0945,mtm_16_8,PE,False
44,36.4,0.55,-97.9,-2.22,-4.11,22,36.4,-2.85,22,36.4,-5.32,g55_22_0945,mtm_16_8,PE,False
50,44.0,0.51,-142.4,-2.85,-4.24,25,40.0,-5.09,25,48.0,-3.64,g50_25_0945,hold,PE,False
50,44.0,0.51,-142.4,-2.85,-4.24,25,40.0,-5.09,25,48.0,-3.64,g50_28_0945,hold,PE,False
42,35.7,0.53,-102.1,-2.43,-4.43,20,35.0,-3.17,22,36.4,-5.56,g58_25_0945,mtm_16_8,PE,False
42,35.7,0.53,-102.1,-2.43,-4.43,20,35.0,-3.17,22,36.4,-5.56,g58_28_0945,mtm_16_8,PE,False
42,35.7,0.53,-102.1,-2.43,-4.43,20,35.0,-3.17,22,36.4,-5.56,g60_25_0945,mtm_16_8,PE,False
42,35.7,0.53,-102.1,-2.43,-4.43,20,35.0,-3.17,22,36.4,-5.56,g60_28_0945,mtm_16_8,PE,False
50,36.0,0.53,-119.5,-2.39,-4.47,25,36.0,-3.73,25,36.0,-5.1,g50_25_0945,mtm_16_8,PE,False
50,36.0,0.53,-119.5,-2.39,-4.47,25,36.0,-3.73,25,36.0,-5.1,g50_28_0945,mtm_16_8,PE,False
39,35.9,0.52,-95.3,-2.44,-4.49,19,36.8,-2.52,20,35.0,-6.53,g58_22_0945,mtm_16_8,PE,False
39,35.9,0.52,-95.3,-2.44,-4.49,19,36.8,-2.52,20,35.0,-6.53,g60_22_0945,mtm_16_8,PE,False
47,36.2,0.52,-112.8,-2.4,-4.52,24,37.5,-3.19,23,34.8,-5.85,g50_22_0945,mtm_16_8,PE,False
41,34.1,0.52,-103.6,-2.53,-4.56,20,35.0,-3.17,21,33.3,-5.85,g62_25_0945,mtm_16_8,PE,False
41,34.1,0.52,-103.6,-2.53,-4.56,20,35.0,-3.17,21,33.3,-5.85,g62_28_0945,mtm_16_8,PE,False
41,34.1,0.52,-103.6,-2.53,-4.56,20,35.0,-3.17,21,33.3,-5.85,g65_25_0945,mtm_16_8,PE,False
41,34.1,0.52,-103.6,-2.53,-4.56,20,35.0,-3.17,21,33.3,-5.85,g65_28_0945,mtm_16_8,PE,False
38,34.2,0.51,-96.8,-2.55,-4.63,19,36.8,-2.52,19,31.6,-6.9,g62_22_0945,mtm_16_8,PE,False
38,34.2,0.51,-96.8,-2.55,-4.63,19,36.8,-2.52,19,31.6,-6.9,g65_22_0945,mtm_16_8,PE,False
