n,wr,pf,total,avg,sharpe,signals,vehicle,n_tgt,n_stp,n_hard,pass
387,92.0,37.04,772.4,2.0,28.66,lhhl,fly_mtm_2.0_4.0,313,0,74,True
387,92.0,37.04,772.4,2.0,28.66,lhhl,fly_mtm_2.0_6.0,313,0,74,True
387,92.0,37.04,772.4,2.0,28.66,lhhl,fly_mtm_2.0_8.0,313,0,74,True
387,92.0,37.04,772.4,2.0,28.66,lhhl,fly_mtm_2.0_12.0,313,0,74,True
187,92.0,34.15,372.6,1.99,28.33,lhhl_quiet,fly_mtm_2.0_4.0,148,0,39,True
187,92.0,34.15,372.6,1.99,28.33,lhhl_quiet,fly_mtm_2.0_6.0,148,0,39,True
187,92.0,34.15,372.6,1.99,28.33,lhhl_quiet,fly_mtm_2.0_8.0,148,0,39,True
187,92.0,34.15,372.6,1.99,28.33,lhhl_quiet,fly_mtm_2.0_12.0,148,0,39,True
285,93.7,43.64,573.9,2.01,28.21,lhhl_diraware,fly_mtm_2.0_4.0,230,0,55,True
285,93.7,43.64,573.9,2.01,28.21,lhhl_diraware,fly_mtm_2.0_6.0,230,0,55,True
285,93.7,43.64,573.9,2.01,28.21,lhhl_diraware,fly_mtm_2.0_8.0,230,0,55,True
285,93.7,43.64,573.9,2.01,28.21,lhhl_diraware,fly_mtm_2.0_12.0,230,0,55,True
187,90.9,43.3,533.5,2.85,22.78,lhhl_quiet,fly_mtm_4.0_4.0,104,0,83,True
187,90.9,43.3,533.5,2.85,22.78,lhhl_quiet,fly_mtm_4.0_6.0,104,0,83,True
187,90.9,43.3,533.5,2.85,22.78,lhhl_quiet,fly_mtm_4.0_8.0,104,0,83,True
187,90.9,43.3,533.5,2.85,22.78,lhhl_quiet,fly_mtm_4.0_12.0,104,0,83,True
387,89.1,40.5,1069.9,2.76,22.01,lhhl,fly_mtm_4.0_4.0,198,0,189,True
387,89.1,40.5,1069.9,2.76,22.01,lhhl,fly_mtm_4.0_6.0,198,0,189,True
387,89.1,40.5,1069.9,2.76,22.01,lhhl,fly_mtm_4.0_8.0,198,0,189,True
387,89.1,40.5,1069.9,2.76,22.01,lhhl,fly_mtm_4.0_12.0,198,0,189,True
285,90.5,45.71,804.2,2.82,21.58,lhhl_diraware,fly_mtm_4.0_4.0,153,0,132,True
285,90.5,45.71,804.2,2.82,21.58,lhhl_diraware,fly_mtm_4.0_6.0,153,0,132,True
285,90.5,45.71,804.2,2.82,21.58,lhhl_diraware,fly_mtm_4.0_8.0,153,0,132,True
285,90.5,45.71,804.2,2.82,21.58,lhhl_diraware,fly_mtm_4.0_12.0,153,0,132,True
187,90.9,52.87,654.3,3.5,20.03,lhhl_quiet,fly_mtm_6.0_4.0,69,0,118,True
187,90.9,52.87,654.3,3.5,20.03,lhhl_quiet,fly_mtm_6.0_6.0,69,0,118,True
187,90.9,52.87,654.3,3.5,20.03,lhhl_quiet,fly_mtm_6.0_8.0,69,0,118,True
187,90.9,52.87,654.3,3.5,20.03,lhhl_quiet,fly_mtm_6.0_12.0,69,0,118,True
387,89.1,48.64,1290.2,3.33,19.55,lhhl,fly_mtm_6.0_4.0,130,0,257,True
387,89.1,48.64,1290.2,3.33,19.55,lhhl,fly_mtm_6.0_6.0,130,0,257,True
387,89.1,48.64,1290.2,3.33,19.55,lhhl,fly_mtm_6.0_8.0,130,0,257,True
387,89.1,48.64,1290.2,3.33,19.55,lhhl,fly_mtm_6.0_12.0,130,0,257,True
285,90.5,54.7,965.9,3.39,18.86,lhhl_diraware,fly_mtm_6.0_4.0,97,0,188,True
285,90.5,54.7,965.9,3.39,18.86,lhhl_diraware,fly_mtm_6.0_6.0,97,0,188,True
285,90.5,54.7,965.9,3.39,18.86,lhhl_diraware,fly_mtm_6.0_8.0,97,0,188,True
285,90.5,54.7,965.9,3.39,18.86,lhhl_diraware,fly_mtm_6.0_12.0,97,0,188,True
187,90.9,59.65,739.8,3.96,18.09,lhhl_quiet,fly_mtm_8.0_4.0,50,0,137,True
187,90.9,59.65,739.8,3.96,18.09,lhhl_quiet,fly_mtm_8.0_6.0,50,0,137,True
187,90.9,59.65,739.8,3.96,18.09,lhhl_quiet,fly_mtm_8.0_8.0,50,0,137,True
187,90.9,59.65,739.8,3.96,18.09,lhhl_quiet,fly_mtm_8.0_12.0,50,0,137,True
387,89.1,54.14,1439.1,3.72,17.76,lhhl,fly_mtm_8.0_4.0,93,0,294,True
387,89.1,54.14,1439.1,3.72,17.76,lhhl,fly_mtm_8.0_6.0,93,0,294,True
387,89.1,54.14,1439.1,3.72,17.76,lhhl,fly_mtm_8.0_8.0,93,0,294,True
387,89.1,54.14,1439.1,3.72,17.76,lhhl,fly_mtm_8.0_12.0,93,0,294,True
285,90.5,61.19,1082.7,3.8,17.04,lhhl_diraware,fly_mtm_8.0_4.0,72,0,213,True
285,90.5,61.19,1082.7,3.8,17.04,lhhl_diraware,fly_mtm_8.0_6.0,72,0,213,True
285,90.5,61.19,1082.7,3.8,17.04,lhhl_diraware,fly_mtm_8.0_8.0,72,0,213,True
285,90.5,61.19,1082.7,3.8,17.04,lhhl_diraware,fly_mtm_8.0_12.0,72,0,213,True
285,50.5,4.38,3570.2,12.53,12.07,lhhl_diraware,spread_50_15_t40,142,141,2,True
187,77.0,7.03,293.8,1.57,8.57,lhhl_quiet,fly_spot50,85,100,2,True
387,74.4,5.37,509.1,1.32,8.55,lhhl,fly_spot50,157,223,7,True
187,69.5,3.9,225.1,1.2,8.08,lhhl_quiet,fly_spot40,91,94,2,True
387,69.0,3.5,414.1,1.07,7.99,lhhl,fly_spot40,182,203,2,True
285,76.1,5.87,396.7,1.39,7.66,lhhl_diraware,fly_spot50,124,155,6,True
285,70.5,3.66,317.9,1.12,7.33,lhhl_diraware,fly_spot40,142,141,2,True
387,59.9,1.33,131.3,0.34,2.43,lhhl,vert_mtm_2.0_6.0,178,29,180,True
187,60.4,1.27,57.4,0.31,2.16,lhhl_quiet,vert_mtm_2.0_6.0,87,17,83,True
285,59.6,1.29,87.7,0.31,2.04,lhhl_diraware,vert_mtm_2.0_6.0,128,23,134,True
187,46.5,4.83,2875.2,15.38,13.59,lhhl_quiet,spread_50_15_t50,85,100,2,False
187,49.7,4.21,2265.2,12.11,13.31,lhhl_quiet,spread_50_15_t40,91,94,2,False
387,47.5,3.89,4405.2,11.38,12.78,lhhl,spread_50_15_t40,182,203,2,False
387,42.1,4.05,5099.0,13.18,11.97,lhhl,spread_50_15_t50,157,223,7,False
285,45.3,4.59,4177.0,14.66,11.34,lhhl_diraware,spread_50_15_t50,124,155,6,False
387,58.1,1.23,98.3,0.25,1.83,lhhl,vert_mtm_2.0_4.0,176,62,149,False
187,57.8,1.15,35.4,0.19,1.3,lhhl_quiet,vert_mtm_2.0_4.0,86,35,66,False
285,57.2,1.16,52.8,0.19,1.21,lhhl_diraware,vert_mtm_2.0_4.0,126,47,112,False
387,59.9,1.16,71.6,0.19,1.09,lhhl,vert_mtm_2.0_8.0,178,26,183,False
187,60.4,1.13,30.6,0.16,1.03,lhhl_quiet,vert_mtm_2.0_8.0,87,15,85,False
285,59.6,1.09,31.9,0.11,0.6,lhhl_diraware,vert_mtm_2.0_8.0,128,21,136,False
387,59.9,0.84,-102.8,-0.27,-1.11,lhhl,vert_mtm_2.0_12.0,178,26,183,False
285,59.6,0.79,-105.9,-0.37,-1.41,lhhl_diraware,vert_mtm_2.0_12.0,128,21,136,False
187,60.4,0.81,-64.6,-0.35,-1.5,lhhl_quiet,vert_mtm_2.0_12.0,87,15,85,False
187,36.4,0.71,-62.0,-0.33,-2.65,lhhl_quiet,vert_spot40,91,94,2,False
285,33.7,0.67,-106.8,-0.37,-2.87,lhhl_diraware,vert_spot40,142,141,2,False
387,34.4,0.66,-159.6,-0.41,-3.16,lhhl,vert_spot40,182,203,2,False
285,29.1,0.58,-114.6,-0.4,-3.29,lhhl_diraware,vert_spot50,124,155,6,False
387,30.0,0.58,-164.9,-0.43,-3.5,lhhl,vert_spot50,157,223,7,False
187,29.9,0.58,-73.5,-0.39,-3.6,lhhl_quiet,vert_spot50,85,100,2,False
387,40.3,0.37,-544.2,-1.41,-5.8,lhhl,vert_mtm_4.0_8.0,43,62,282,False
387,39.5,0.41,-434.6,-1.12,-5.93,lhhl,vert_mtm_4.0_6.0,40,68,279,False
285,40.0,0.33,-464.9,-1.63,-6.41,lhhl_diraware,vert_mtm_4.0_8.0,30,51,204,False
387,37.5,0.44,-370.8,-0.96,-6.43,lhhl,vert_mtm_4.0_4.0,38,103,246,False
387,40.3,0.25,-955.1,-2.47,-6.49,lhhl,vert_mtm_4.0_12.0,43,62,282,False
285,38.9,0.36,-372.7,-1.31,-6.54,lhhl_diraware,vert_mtm_4.0_6.0,27,56,202,False
187,41.2,0.36,-275.6,-1.47,-6.62,lhhl_quiet,vert_mtm_4.0_8.0,21,33,133,False
285,36.5,0.39,-313.3,-1.1,-6.91,lhhl_diraware,vert_mtm_4.0_4.0,26,81,178,False
285,40.0,0.22,-809.3,-2.84,-7.0,lhhl_diraware,vert_mtm_4.0_12.0,30,51,204,False
187,39.6,0.37,-243.3,-1.3,-7.1,lhhl_quiet,vert_mtm_4.0_6.0,18,38,131,False
187,41.2,0.24,-505.3,-2.7,-7.21,lhhl_quiet,vert_mtm_4.0_12.0,21,33,133,False
187,37.4,0.41,-207.7,-1.11,-7.41,lhhl_quiet,vert_mtm_4.0_4.0,18,56,113,False
285,33.3,0.16,-727.2,-2.55,-7.97,lhhl_diraware,vert_mtm_6.0_8.0,6,66,213,False
387,33.1,0.12,-1429.5,-3.69,-8.01,lhhl,vert_mtm_6.0_12.0,8,83,296,False
387,33.1,0.17,-926.6,-2.39,-8.08,lhhl,vert_mtm_6.0_8.0,8,85,294,False
285,33.3,0.11,-1114.4,-3.91,-8.1,lhhl_diraware,vert_mtm_6.0_12.0,6,65,214,False
285,33.3,0.19,-560.8,-1.97,-8.12,lhhl_diraware,vert_mtm_6.0_6.0,6,68,211,False
187,34.2,0.17,-479.8,-2.57,-8.15,lhhl_quiet,vert_mtm_6.0_8.0,5,45,137,False
187,34.2,0.21,-375.4,-2.01,-8.3,lhhl_quiet,vert_mtm_6.0_6.0,5,47,135,False
187,34.2,0.12,-741.0,-3.96,-8.3,lhhl_quiet,vert_mtm_6.0_12.0,5,44,138,False
387,33.1,0.21,-727.6,-1.88,-8.36,lhhl,vert_mtm_6.0_6.0,8,88,291,False
285,31.2,0.23,-447.0,-1.57,-8.75,lhhl_diraware,vert_mtm_6.0_4.0,6,92,187,False
387,31.0,0.08,-1600.2,-4.14,-8.89,lhhl,vert_mtm_8.0_12.0,0,91,296,False
285,31.2,0.07,-1242.1,-4.36,-8.99,lhhl_diraware,vert_mtm_8.0_12.0,0,71,214,False
187,32.1,0.24,-305.7,-1.63,-9.04,lhhl_quiet,vert_mtm_6.0_4.0,5,65,117,False
387,31.5,0.24,-586.3,-1.52,-9.13,lhhl,vert_mtm_6.0_4.0,8,121,258,False
285,31.2,0.1,-834.3,-2.93,-9.13,lhhl_diraware,vert_mtm_8.0_8.0,0,72,213,False
387,31.0,0.12,-1067.5,-2.76,-9.28,lhhl,vert_mtm_8.0_8.0,0,93,294,False
187,31.6,0.07,-850.2,-4.55,-9.51,lhhl_quiet,vert_mtm_8.0_12.0,0,49,138,False
285,31.2,0.13,-645.0,-2.26,-9.66,lhhl_diraware,vert_mtm_8.0_6.0,0,74,211,False
187,31.6,0.1,-571.2,-3.05,-9.74,lhhl_quiet,vert_mtm_8.0_8.0,0,50,137,False
387,31.0,0.14,-837.1,-2.16,-9.86,lhhl,vert_mtm_8.0_6.0,0,96,291,False
187,31.6,0.13,-444.1,-2.37,-10.32,lhhl_quiet,vert_mtm_8.0_6.0,0,52,135,False
285,29.1,0.15,-520.5,-1.83,-10.85,lhhl_diraware,vert_mtm_8.0_4.0,0,98,187,False
387,29.5,0.17,-685.1,-1.77,-11.25,lhhl,vert_mtm_8.0_4.0,0,129,258,False
187,29.4,0.15,-368.6,-1.97,-11.85,lhhl_quiet,vert_mtm_8.0_4.0,0,70,117,False
