day,dir,side,entry,n0,debit,dte,pnl,reason
2021-07-13,LONG,CE,15769.7,39.75926495110707,True,2,9.649808943961943,HARD
2021-07-22,LONG,CE,15785.3999,47.6865883952712,True,0,28.61331160472878,HARD
2021-08-20,SHORT,PE,16469.5,25.61704848366753,True,6,1.4414760360446053,HARD
2021-10-14,LONG,CE,18283.1992,46.26253676686008,True,0,47.637863233138546,HARD
2021-11-26,SHORT,PE,17238.6504,24.468114643775152,True,6,15.285636501184854,HARD
2021-12-01,LONG,CE,17160.6992,39.35143702630694,True,1,6.023643300435651,HARD
2021-12-07,LONG,CE,17089.9492,41.53600164214049,True,2,14.083485366881632,HARD
2021-12-08,LONG,CE,17394.0,44.789080894047856,True,1,19.502540710073845,HARD
2021-12-13,LONG,CE,17626.5508,37.98358807343311,True,3,-26.646049537533543,HARD
2021-12-20,SHORT,PE,16658.3496,24.68936814939434,True,3,3.4920386553819753,HARD
2021-12-21,LONG,CE,16829.4492,40.420415929043884,True,2,-7.469108675399184,HARD
2022-02-01,LONG,CE,17561.4004,37.79510966867247,True,2,4.808624540637538,HARD
2022-02-11,SHORT,PE,17357.9004,26.6453437850887,True,6,-0.580607479075752,HARD
2022-02-24,SHORT,PE,16546.0,5.780525819385023,True,0,120.61987418061543,HARD
2022-02-25,LONG,CE,16626.75,35.66618993002794,True,6,3.90948276650397,HARD
2022-03-02,SHORT,PE,16562.4004,18.729963545546127,True,1,-13.89648073105382,HARD
2022-03-04,SHORT,PE,16260.0996,26.269741098204122,True,6,2.575290884018159,HARD
2022-03-07,SHORT,PE,15785.4004,21.20743428302808,True,3,-12.426402693649607,HARD
2022-03-10,LONG,CE,16705.0508,37.95399632940263,True,0,-37.95399632940263,HARD
2022-03-17,LONG,CE,17257.3008,38.845768256262545,True,0,4.103431743736564,HARD
2022-03-30,LONG,CE,17453.4004,38.029972988925465,True,1,11.553253320109206,HARD
2022-04-04,LONG,CE,18025.3496,37.64506949664292,True,3,5.377469779286457,HARD
2022-04-18,SHORT,PE,17188.0996,22.003302325413642,True,3,-1.5758472510191268,HARD
2022-04-20,LONG,CE,17114.4492,40.01378466936444,True,1,9.370423390970245,HARD
2022-04-22,SHORT,PE,17216.75,25.998090573054924,True,6,3.4918700147154595,HARD
2022-04-25,SHORT,PE,16979.4492,22.71806373430877,True,3,2.108430288112686,HARD
2022-04-26,LONG,CE,17174.0,39.53196754025157,True,2,8.071365618342952,HARD
2022-05-05,LONG,CE,16868.0,42.00229633392206,True,0,-42.00229633392206,HARD
2022-05-06,SHORT,PE,16402.1992,26.896855905881694,True,6,-2.0203474544066466,HARD
2022-05-12,SHORT,PE,15900.75,10.757751823378742,True,0,-10.757751823378742,HARD
2022-05-20,LONG,CE,16155.6504,34.37628391071166,True,6,8.537112304327366,HARD
2022-05-30,LONG,CE,16628.1992,38.7511852873904,True,3,4.735172182986844,HARD
2022-06-10,SHORT,PE,16275.25,25.127840934296273,True,6,7.292431281045083,HARD
2022-06-13,SHORT,PE,15777.9502,22.001595121161813,True,3,-2.606881882399307,HARD
2022-07-07,LONG,CE,16093.2998,50.19769570973767,True,0,37.602104290263014,HARD
2022-07-28,LONG,CE,16807.4492,38.73404219743759,True,0,100.41635780256104,HARD
2022-07-29,LONG,CE,17128.9004,35.5384177963424,True,6,3.6582341811899823,HARD
2022-09-08,LONG,CE,17772.4004,43.33327455409005,True,0,3.7175254459108373,HARD
2022-09-09,LONG,CE,17901.3496,33.35135386019465,True,6,-5.165848901681329,HARD
2022-09-13,LONG,CE,18054.1504,36.73217306935885,True,2,2.132820883536624,HARD
2022-09-20,LONG,CE,17841.5508,41.174762825741254,True,2,-2.615752096117376,HARD
2022-09-26,SHORT,PE,17044.6504,21.2655996630765,True,3,0.8351805552993028,HARD
2022-10-04,LONG,CE,17245.5996,42.091802867257684,True,2,7.122963135889677,HARD
2022-10-10,SHORT,PE,17083.0,22.433032858315528,True,3,-15.117409587846936,HARD
2022-10-14,LONG,CE,17294.3008,36.46982141490571,True,6,-7.384156365829767,HARD
2022-10-18,LONG,CE,17515.3496,38.29496004494786,True,2,-2.3103526810878066,HARD
2022-10-31,LONG,CE,17955.4004,35.79899542747535,True,3,7.4747251467570095,HARD
2022-11-01,LONG,CE,18142.75,41.09339909794244,True,2,3.8287642746940946,HARD
2022-11-11,LONG,CE,18301.8496,33.23364778682844,True,6,3.4790871283121305,HARD
2022-12-23,SHORT,PE,17944.3496,24.299078923389516,True,6,9.799453231945336,HARD
2023-02-01,LONG,CE,17781.9004,42.584099444706226,True,1,-30.222106541692057,HARD
2023-03-03,LONG,CE,17481.9492,35.55039918903822,True,6,7.765339772619882,HARD
2023-09-20,SHORT,PE,19987.25,18.9205062241075,True,1,7.66909087675873,HARD
2023-10-13,SHORT,PE,19697.25,24.563051768046535,True,6,-3.696133577405817,HARD
2023-11-06,LONG,CE,19349.8,38.97431914070512,True,3,7.36469266849781,HARD
2023-11-15,LONG,CE,19631.8,41.476408669746434,True,1,13.136972874161984,HARD
2023-12-14,LONG,CE,21175.2,43.33831567436118,True,0,-5.5883156743611835,HARD
2024-01-17,SHORT,PE,21803.35,24.18845218925412,True,1,35.503161836110166,HARD
2024-01-18,SHORT,PE,21324.15,13.995826257065033,True,0,-13.995826257065033,HARD
2024-01-19,LONG,CE,21647.9,34.46966149465152,True,6,-0.27957291370603343,HARD
2024-03-21,LONG,CE,22028.9,43.84558671763352,True,0,-24.04558671763425,HARD
2024-03-26,SHORT,PE,22031.8,23.540304084184527,True,2,1.6588720464935705,HARD
2024-06-03,LONG,CE,23155.5,33.926817863077304,True,3,9.958611413370818,HARD
2024-06-06,LONG,CE,22784.75,44.714590848840544,True,0,36.43540915116091,HARD
2024-07-03,LONG,CE,24282.3,39.14079712660987,True,1,5.126650971240451,HARD
2024-08-02,SHORT,PE,24738.8,25.62527473874343,True,6,0.6309571156689344,HARD
2024-10-03,SHORT,PE,25558.6,20.048866444748114,True,0,85.45113355525189,HARD
2025-01-28,LONG,CE,22907.65,35.337122931914564,True,2,7.701293378643641,HARD
2025-02-03,SHORT,PE,23243.8,24.094922832528937,True,3,-9.104179539660663,HARD
2025-02-04,LONG,CE,23550.2,34.520536102447295,True,2,16.788765487799537,HARD
2025-02-24,SHORT,PE,22574.2,25.316449479988933,True,3,1.4166088681772635,HARD
2025-03-18,LONG,CE,22738.15,37.93383800846095,True,2,11.820678482694348,HARD
2025-03-24,LONG,CE,23550.2,33.45265195947013,True,3,8.846403357420968,HARD
2025-04-01,SHORT,PE,23479.6,24.225371683893627,True,2,27.14078493164334,HARD
2025-04-11,LONG,CE,22835.1,33.39226623235572,True,6,-0.3318852833190249,HARD
2025-04-15,LONG,CE,23302.1,34.749878132149206,True,2,3.8987864522487143,HARD
2025-05-09,SHORT,PE,23977.65,26.094303762574782,True,6,-2.1774363617469135,HARD
2025-05-12,LONG,CE,24698.8,36.11492913524489,True,3,13.777127904309964,HARD
2025-06-09,LONG,CE,25116.5,34.01453409822079,True,3,-0.025222521776413487,HARD
2025-06-24,LONG,CE,25207.1,34.5623230510555,True,2,-12.946338957324087,HARD
2025-07-31,SHORT,PE,24661.9,18.896018921830773,True,0,-18.896018921830773,HARD
2025-08-18,LONG,CE,24998.6,35.97817384294467,True,3,-7.544786733484216,HARD
2025-10-23,LONG,CE,26074.85,32.5358773875123,True,5,-8.203495039265363,HARD
2026-02-09,LONG,CE,25824.75,37.75559512331165,True,1,9.045269755321897,HARD
2026-02-13,SHORT,PE,25549.0,24.748082979892388,True,4,3.43965876717175,HARD
2026-03-02,SHORT,PE,24898.25,23.19564142748868,True,2,-2.887366593720344,HARD
2026-03-04,SHORT,PE,24332.85,25.8717138005959,True,6,-6.093478619071902,HARD
2026-03-09,SHORT,PE,23758.6,24.471796147708346,True,1,-23.361996558675322,HARD
2026-03-13,SHORT,PE,23361.1,26.655378596817172,True,4,13.20452862651564,HARD
2026-03-19,SHORT,PE,23264.85,26.590303141608274,True,5,12.641221024029619,HARD
2026-03-23,SHORT,PE,22616.1,23.141352424699335,True,1,17.527114255149172,HARD
2026-04-01,LONG,CE,22927.15,32.98514531036108,True,6,-12.41046798928437,HARD
2026-04-02,SHORT,PE,22216.1,26.46025774793725,True,5,-22.26477246797964,HARD
2026-04-15,LONG,CE,24231.7,32.778516166768895,True,6,0.0959658294059409,HARD
2026-04-30,SHORT,PE,23849.6,24.82132788738818,True,5,-8.48370104543119,HARD
2026-05-11,SHORT,PE,23893.15,20.970878492968268,True,1,7.9154990765850926,HARD
2026-05-18,SHORT,PE,23361.05,24.04521513257737,True,1,-22.83117127340689,HARD
2026-05-21,LONG,CE,23781.85,33.56367232709454,True,5,-7.509587040430233,HARD
2026-06-15,LONG,CE,23957.9,36.73304765838748,True,1,-13.65828146420563,HARD
