day,direction,reason,dte,S0,S1,intrinsic_pnl,net0_10,net1_10,mtm_10,net0_12,net1_12,mtm_12,net0_15,net1_15,mtm_15,net0_20,net1_20,mtm_20
2021-07-01,SHORT,TARGET,0,15731.5,15681.5,42.5,7.51,9.54,2.03,3.88,6.02,2.14,-0.55,1.55,2.11,-5.8,-3.94,1.87
2021-07-05,LONG,HARD_EXIT,3,15815.3999,15839.3999,16.5,-6.56,-2.45,4.11,-9.31,-5.45,3.86,-12.2,-8.8,3.4,-15.2,-12.46,2.74
2021-07-08,SHORT,TARGET,0,15847.7,15797.7,42.5,7.66,9.16,1.5,4.68,6.48,1.8,0.66,2.61,1.95,-4.48,-2.62,1.87
2021-08-11,SHORT,TARGET,1,16238.8999,16188.8999,42.5,-0.16,0.76,0.92,-3.52,-2.65,0.87,-7.29,-6.52,0.78,-11.43,-10.79,0.63
2021-08-23,SHORT,TARGET,3,16501.0,16451.0,42.5,-5.9,-5.5,0.4,-8.73,-8.37,0.36,-11.77,-11.47,0.31,-15.01,-14.77,0.24
2021-08-26,LONG,STOP,0,16664.7,16639.7,-7.5,6.47,7.88,1.4,2.95,5.7,2.75,-1.33,2.28,3.61,-6.37,-2.6,3.77
2021-08-30,LONG,TARGET,3,16848.9,16898.9,42.5,-6.2,-5.91,0.29,-8.94,-8.68,0.26,-11.85,-11.63,0.22,-14.9,-14.73,0.17
2021-09-15,LONG,TARGET,1,17438.5,17488.5,42.5,0.11,0.82,0.72,-2.98,-2.27,0.71,-6.58,-5.92,0.66,-10.64,-10.09,0.55
2021-09-23,LONG,TARGET,0,17702.5999,17752.5999,42.5,5.79,7.41,1.62,2.61,4.4,1.8,-1.43,0.39,1.82,-6.32,-4.67,1.65
2021-10-13,LONG,TARGET,1,18117.6992,18167.6992,42.5,-2.82,-2.04,0.78,-5.99,-5.29,0.71,-9.41,-8.8,0.61,-13.04,-12.56,0.48
2021-11-11,SHORT,TARGET,0,17922.9492,17872.9492,42.5,5.76,6.72,0.96,3.51,4.91,1.39,0.1,1.79,1.69,-4.63,-2.88,1.74
2021-12-13,LONG,STOP,3,17632.3496,17607.3496,-7.5,-5.7,-7.24,-1.53,-8.43,-9.88,-1.45,-11.38,-12.67,-1.29,-14.51,-15.55,-1.05
2021-12-13,SHORT,TARGET,3,17616.5,17566.5,42.5,-5.69,-5.3,0.39,-8.49,-8.13,0.36,-11.53,-11.22,0.31,-14.79,-14.54,0.25
2021-12-30,LONG,STOP,0,17230.3008,17205.3008,-7.5,6.13,7.9,1.77,3.88,4.84,0.96,0.47,0.77,0.3,-4.24,-4.36,-0.13
2021-12-31,LONG,TARGET,6,17347.0996,17397.0996,42.5,-10.64,-10.52,0.12,-12.83,-12.73,0.1,-15.08,-15.0,0.08,-17.38,-17.32,0.06
2022-01-10,LONG,STOP,3,17946.6504,17921.6504,-7.5,-7.02,-8.72,-1.7,-9.66,-11.22,-1.56,-12.45,-13.8,-1.35,-15.37,-16.44,-1.07
2022-01-10,SHORT,STOP,3,17918.9004,17943.9004,-7.5,-5.24,-6.83,-1.58,-8.06,-9.58,-1.52,-11.15,-12.51,-1.35,-14.49,-15.59,-1.1
2022-01-14,LONG,STOP,6,18202.0508,18177.0508,-7.5,-11.58,-9.8,1.78,-13.64,-12.07,1.58,-15.76,-14.44,1.33,-17.91,-16.87,1.03
2022-01-14,SHORT,STOP,6,18147.0996,18172.0996,-7.5,-11.51,-9.68,1.83,-13.68,-12.05,1.63,-15.93,-14.56,1.37,-18.27,-17.19,1.07
2022-01-31,LONG,STOP,3,17322.25,17297.25,-7.5,-8.58,-6.16,2.42,-11.1,-8.89,2.21,-13.7,-11.81,1.89,-16.36,-14.87,1.5
2022-02-17,SHORT,TARGET,0,17321.3008,17271.3008,42.5,6.14,7.06,0.92,3.95,5.32,1.37,0.56,2.25,1.69,-4.18,-2.42,1.76
2022-04-01,LONG,TARGET,6,17527.4492,17577.4492,42.5,-9.49,-9.37,0.12,-11.8,-11.69,0.11,-14.21,-14.12,0.09,-16.7,-16.63,0.07
2022-04-18,LONG,STOP,3,17206.9492,17181.9492,-7.5,-7.17,-4.93,2.24,-9.83,-7.72,2.11,-12.62,-10.77,1.85,-15.51,-14.02,1.49
2022-04-18,SHORT,TARGET,3,17188.0996,17138.0996,42.5,-7.6,-7.22,0.38,-10.29,-9.95,0.34,-13.11,-12.83,0.28,-16.07,-15.85,0.22
2022-05-06,LONG,STOP,6,16437.6992,16412.6992,-7.5,-9.28,-10.87,-1.59,-11.63,-13.05,-1.42,-14.08,-15.29,-1.2,-16.6,-17.55,-0.94
2022-05-06,SHORT,TARGET,6,16413.4492,16363.4492,42.5,-9.25,-9.04,0.21,-11.69,-11.5,0.19,-14.26,-14.11,0.16,-16.97,-16.85,0.12
2022-05-25,SHORT,STOP,1,16134.8496,16159.8496,-7.5,-0.39,2.16,2.55,-3.78,-0.97,2.81,-7.55,-4.77,2.77,-11.65,-9.22,2.43
2022-06-02,LONG,TARGET,0,16524.25,16574.25,42.5,6.12,8.2,2.08,2.34,4.42,2.08,-2.08,-0.13,1.95,-7.11,-5.44,1.66
2022-06-16,SHORT,TARGET,0,15768.7002,15718.7002,42.5,7.11,7.84,0.73,5.18,6.41,1.23,1.95,3.59,1.64,-2.81,-1.02,1.79
2022-06-21,LONG,TARGET,2,15541.7002,15591.7002,42.5,-1.82,-1.38,0.44,-4.87,-4.46,0.42,-8.31,-7.93,0.37,-12.06,-11.76,0.3
2022-06-29,LONG,TARGET,1,15758.5498,15808.5498,42.5,0.56,1.34,0.79,-2.78,-2.03,0.75,-6.55,-5.87,0.68,-10.7,-10.15,0.55
2022-07-01,SHORT,TARGET,6,15614.1504,15564.1504,42.5,-8.51,-8.29,0.22,-11.03,-10.84,0.2,-13.72,-13.55,0.17,-16.55,-16.41,0.13
2022-07-05,LONG,TARGET,2,15967.5,16017.5,42.5,-4.4,-3.95,0.45,-7.41,-7.0,0.4,-10.61,-10.27,0.34,-13.97,-13.7,0.27
2022-07-14,LONG,STOP,0,16066.2998,16041.2998,-7.5,7.1,8.32,1.22,3.55,6.2,2.65,-0.79,2.81,3.59,-5.91,-2.09,3.82
2022-07-14,SHORT,TARGET,0,15984.2998,15934.2998,42.5,9.92,12.29,2.37,6.58,9.3,2.73,2.2,5.1,2.9,-3.29,-0.54,2.75
2022-08-03,SHORT,TARGET,1,17317.5,17267.5,42.5,0.65,1.44,0.79,-2.4,-1.59,0.81,-6.06,-5.29,0.77,-10.29,-9.63,0.66
2022-08-08,LONG,TARGET,3,17425.75,17475.75,42.5,-5.07,-4.79,0.29,-7.83,-7.56,0.27,-10.84,-10.61,0.23,-14.07,-13.88,0.18
2022-08-16,LONG,STOP,2,17819.5508,17794.5508,-7.5,-6.44,-3.84,2.6,-9.23,-6.78,2.45,-12.15,-9.99,2.16,-15.17,-13.43,1.74
2022-09-05,LONG,HARD_EXIT,3,17634.5,17666.25,24.25,-5.86,-6.44,-0.59,-8.58,-9.22,-0.64,-11.51,-12.13,-0.62,-14.61,-15.15,-0.54
2022-09-12,LONG,HARD_EXIT,3,17942.25,17930.0508,-7.5,-6.68,-3.86,2.83,-9.35,-6.72,2.63,-12.18,-9.89,2.3,-15.15,-13.32,1.84
2022-09-15,SHORT,TARGET,0,17976.6992,17926.6992,42.5,4.5,6.71,2.21,0.75,2.93,2.18,-3.56,-1.55,2.01,-8.41,-6.71,1.69
2022-09-28,LONG,TARGET,1,16923.0508,16973.0508,42.5,-2.08,-1.27,0.8,-5.35,-4.63,0.73,-8.89,-8.26,0.63,-12.63,-12.14,0.49
2022-10-20,LONG,TARGET,0,17473.0996,17523.0996,42.5,5.21,7.32,2.11,1.47,3.57,2.1,-2.86,-0.91,1.95,-7.75,-6.11,1.65
2022-10-31,LONG,TARGET,3,17940.5,17990.5,42.5,-6.55,-6.27,0.29,-9.23,-8.97,0.26,-12.08,-11.86,0.22,-15.07,-14.9,0.17
2022-11-03,LONG,STOP,0,18063.9004,18038.9004,-7.5,4.98,6.99,2.01,1.45,4.56,3.11,-2.74,0.97,3.71,-7.57,-3.89,3.68
2022-11-04,SHORT,STOP,6,18034.9004,18059.9004,-7.5,-12.53,-10.66,1.87,-14.57,-12.93,1.64,-16.67,-15.3,1.37,-18.84,-17.78,1.06
2022-11-09,SHORT,TARGET,1,18218.9004,18168.9004,42.5,-0.11,0.68,0.79,-3.16,-2.36,0.8,-6.75,-6.0,0.75,-10.87,-10.23,0.64
2022-11-15,SHORT,STOP,2,18304.0508,18329.0508,-7.5,-4.89,-6.61,-1.72,-7.8,-9.44,-1.64,-10.96,-12.41,-1.45,-14.35,-15.52,-1.17
2022-11-18,SHORT,TARGET,6,18295.0508,18245.0508,42.5,-11.99,-11.81,0.18,-14.1,-13.94,0.16,-16.28,-16.15,0.13,-18.53,-18.43,0.1
2022-11-24,LONG,TARGET,0,18344.0996,18394.0996,42.5,5.39,6.84,1.45,2.44,4.12,1.68,-1.43,0.33,1.76,-6.22,-4.6,1.63
2022-11-29,LONG,TARGET,2,18625.5508,18675.5508,42.5,-3.73,-3.31,0.42,-6.58,-6.18,0.4,-9.75,-9.4,0.35,-13.2,-12.92,0.28
2022-12-02,SHORT,TARGET,6,18712.9004,18662.9004,42.5,-11.08,-10.9,0.19,-13.29,-13.13,0.16,-15.6,-15.47,0.14,-18.01,-17.9,0.11
2022-12-07,LONG,STOP,1,18648.5508,18623.5508,-7.5,-1.73,-3.07,-1.34,-4.85,-6.25,-1.41,-8.32,-9.66,-1.34,-12.11,-13.25,-1.14
2022-12-07,SHORT,STOP,1,18579.6992,18604.6992,-7.5,-2.77,0.2,2.97,-6.01,-3.01,3.0,-9.5,-6.71,2.79,-13.23,-10.89,2.34
2022-12-09,SHORT,TARGET,6,18626.3008,18576.3008,42.5,-13.52,-13.36,0.16,-15.42,-15.28,0.14,-17.37,-17.26,0.11,-19.37,-19.28,0.09
2022-12-15,SHORT,TARGET,0,18576.1504,18526.1504,42.5,3.77,5.99,2.22,0.04,2.2,2.16,-4.21,-2.23,1.97,-8.95,-7.3,1.65
2022-12-21,SHORT,STOP,1,18378.9492,18403.9492,-7.5,-3.41,-0.47,2.94,-6.59,-3.66,2.93,-10.0,-7.31,2.69,-13.63,-11.39,2.24
2022-12-29,SHORT,STOP,0,18021.0508,18046.0508,-7.5,5.73,7.25,1.52,3.39,4.14,0.75,-0.1,0.05,0.15,-4.84,-5.06,-0.22
2022-12-29,LONG,STOP,0,18048.1504,18023.1504,-7.5,8.7,12.28,3.58,6.2,8.77,2.57,2.5,4.2,1.7,-2.57,-1.56,1.01
2023-01-04,SHORT,STOP,1,18128.3008,18153.3008,-7.5,-3.22,-0.27,2.96,-6.42,-3.47,2.95,-9.86,-7.15,2.71,-13.52,-11.25,2.26
2023-01-06,SHORT,TARGET,6,17964.0508,17914.0508,42.5,-10.46,-10.27,0.2,-12.75,-12.58,0.17,-15.15,-15.01,0.14,-17.66,-17.55,0.11
2023-01-12,SHORT,TARGET,0,17884.25,17834.25,42.5,5.14,7.2,2.06,1.55,3.65,2.1,-2.72,-0.71,2.0,-7.64,-5.91,1.73
2023-01-17,LONG,STOP,2,18005.1992,17980.1992,-7.5,-5.35,-3.0,2.36,-8.21,-5.91,2.3,-11.25,-9.18,2.07,-14.45,-12.75,1.7
2023-01-20,SHORT,STOP,7,18086.75,18111.75,-7.5,-13.24,-11.48,1.75,-15.18,-13.64,1.53,-17.17,-15.9,1.27,-19.23,-18.24,0.98
2023-01-20,LONG,STOP,7,18115.0996,18090.0996,-7.5,-13.16,-11.42,1.75,-15.01,-13.49,1.52,-16.88,-15.62,1.26,-18.76,-17.79,0.97
2023-01-23,LONG,STOP,4,18154.9004,18129.9004,-7.5,-9.5,-7.46,2.04,-11.85,-10.0,1.85,-14.3,-12.71,1.59,-16.8,-15.55,1.25
2023-01-25,SHORT,TARGET,2,17999.4492,17949.4492,42.5,-4.98,-4.44,0.53,-7.9,-7.41,0.49,-11.06,-10.64,0.42,-14.44,-14.1,0.33
2023-02-07,SHORT,STOP,2,17751.8008,17776.8008,-7.5,-4.55,-6.32,-1.77,-7.5,-9.19,-1.68,-10.71,-12.21,-1.5,-14.16,-15.37,-1.21
2023-02-08,LONG,STOP,1,17850.5508,17825.5508,-7.5,-1.11,1.16,2.26,-4.28,-1.75,2.52,-7.83,-5.33,2.5,-11.72,-9.52,2.19
2023-02-13,SHORT,TARGET,3,17773.5,17723.5,42.5,-5.43,-5.04,0.38,-8.21,-7.86,0.35,-11.28,-10.97,0.31,-14.58,-14.33,0.25
2023-02-22,SHORT,TARGET,1,17677.3008,17627.3008,42.5,-2.86,-1.95,0.91,-6.1,-5.28,0.82,-9.59,-8.89,0.7,-13.31,-12.75,0.56
2023-03-09,SHORT,STOP,0,17694.0,17719.0,-7.5,5.8,6.98,1.18,2.48,5.01,2.52,-1.65,1.75,3.41,-6.62,-3.0,3.62
2023-03-17,SHORT,STOP,6,17056.1992,17081.1992,-7.5,-10.31,-12.0,-1.69,-12.63,-14.12,-1.49,-15.06,-16.3,-1.24,-17.59,-18.56,-0.97
2023-03-23,LONG,TARGET,0,17125.0996,17175.0996,42.5,6.04,6.79,0.75,4.04,5.24,1.2,0.82,2.35,1.53,-3.8,-2.17,1.63
2023-03-28,SHORT,TARGET,3,16976.1992,16926.1992,42.5,-8.51,-8.13,0.37,-11.11,-10.78,0.32,-13.81,-13.55,0.27,-16.63,-16.42,0.21
2023-04-05,LONG,TARGET,1,17473.1992,17523.1992,42.5,-2.69,-1.9,0.79,-5.91,-5.19,0.72,-9.36,-8.75,0.61,-13.01,-12.53,0.48
2023-04-11,LONG,STOP,2,17726.5996,17701.5996,-7.5,-3.0,-4.3,-1.29,-5.89,-7.23,-1.34,-9.15,-10.41,-1.26,-12.71,-13.78,-1.07
2023-04-11,SHORT,STOP,2,17684.8496,17709.8496,-7.5,-5.07,-2.46,2.61,-8.05,-5.52,2.53,-11.23,-8.95,2.28,-14.59,-12.72,1.88
2023-04-24,SHORT,STOP,3,17633.6504,17658.6504,-7.5,-8.41,-6.05,2.36,-11.01,-8.84,2.16,-13.72,-11.85,1.87,-16.55,-15.06,1.49
2023-05-04,LONG,TARGET,0,18119.0,18169.0,42.5,4.6,6.61,2.01,0.96,2.97,2.01,-3.27,-1.4,1.87,-8.06,-6.47,1.59
2023-05-15,LONG,TARGET,3,18371.75,18421.75,42.5,-9.39,-9.13,0.26,-11.8,-11.57,0.23,-14.28,-14.09,0.19,-16.81,-16.67,0.14
2023-05-19,SHORT,STOP,6,18090.3,18115.3,-7.5,-12.19,-10.35,1.84,-14.27,-12.65,1.62,-16.42,-15.06,1.36,-18.65,-17.59,1.06
2023-05-22,LONG,STOP,3,18275.65,18250.65,-7.5,-5.81,-7.25,-1.45,-8.5,-9.88,-1.38,-11.42,-12.65,-1.23,-14.53,-15.53,-1.0
2023-05-24,LONG,STOP,1,18350.6,18325.6,-7.5,-1.6,0.72,2.33,-4.74,-2.21,2.54,-8.24,-5.76,2.48,-12.05,-9.89,2.16
2023-05-26,LONG,TARGET,6,18378.75,18428.75,42.5,-10.2,-10.08,0.12,-12.42,-12.32,0.1,-14.73,-14.65,0.09,-17.1,-17.04,0.06
2023-06-02,SHORT,STOP,6,18503.75,18528.75,-7.5,-11.54,-13.15,-1.61,-13.7,-15.1,-1.4,-15.95,-17.11,-1.16,-18.28,-19.17,-0.9
2023-06-13,LONG,HARD_EXIT,2,18688.65,18722.85,26.69999999999709,-4.68,-4.65,0.04,-7.53,-7.66,-0.13,-10.62,-10.85,-0.22,-13.92,-14.17,-0.25
2023-06-15,LONG,STOP,0,18772.1,18747.1,-7.5,3.65,6.59,2.94,-0.02,3.69,3.71,-4.2,-0.2,4.0,-8.86,-5.14,3.72
2023-06-15,SHORT,TARGET,0,18738.85,18688.85,42.5,7.36,9.87,2.52,3.98,6.78,2.8,-0.29,2.58,2.87,-5.47,-2.84,2.63
2023-06-16,LONG,TARGET,6,18757.3,18807.3,42.5,-12.29,-12.18,0.11,-14.26,-14.17,0.09,-16.27,-16.2,0.07,-18.3,-18.24,0.06
2023-07-06,LONG,TARGET,0,19425.6,19475.6,42.5,4.74,5.83,1.09,2.29,3.72,1.43,-1.21,0.41,1.62,-5.81,-4.22,1.59
2023-07-11,LONG,STOP,2,19475.5,19450.5,-7.5,-4.44,-5.76,-1.32,-7.24,-8.56,-1.31,-10.34,-11.54,-1.2,-13.67,-14.67,-1.0
2023-07-13,LONG,STOP,0,19543.4,19518.4,-7.5,4.43,5.23,0.8,1.39,1.6,0.2,-2.47,-2.67,-0.21,-7.15,-7.56,-0.41
2023-07-14,SHORT,STOP,6,19454.1,19479.1,-7.5,-12.14,-13.69,-1.55,-14.22,-15.56,-1.34,-16.37,-17.48,-1.11,-18.6,-19.46,-0.85
2023-07-14,LONG,STOP,6,19486.4,19461.4,-7.5,-11.22,-12.67,-1.45,-13.32,-14.59,-1.27,-15.49,-16.55,-1.06,-17.69,-18.51,-0.82
2023-07-26,LONG,STOP,1,19796.15,19771.15,-7.5,-2.59,-3.91,-1.33,-5.63,-7.0,-1.36,-9.01,-10.28,-1.28,-12.66,-13.73,-1.08
2023-08-02,SHORT,TARGET,1,19635.6,19585.6,42.5,-3.96,-3.1,0.86,-7.05,-6.27,0.78,-10.37,-9.7,0.67,-13.9,-13.37,0.53
2023-08-09,SHORT,STOP,1,19509.5,19534.5,-7.5,-1.88,-3.16,-1.28,-4.97,-6.33,-1.36,-8.46,-9.76,-1.3,-12.31,-13.42,-1.11
2023-08-10,SHORT,STOP,0,19582.45,19607.45,-7.5,3.21,6.05,2.84,-0.39,3.22,3.61,-4.52,-0.62,3.91,-9.17,-5.52,3.65
2023-08-10,LONG,STOP,0,19596.75,19571.75,-7.5,4.41,5.15,0.74,1.29,1.44,0.15,-2.63,-2.87,-0.24,-7.32,-7.75,-0.43
2023-08-11,SHORT,STOP,6,19466.65,19491.65,-7.5,-11.35,-12.84,-1.49,-13.52,-14.83,-1.31,-15.79,-16.88,-1.09,-18.15,-18.99,-0.84
2023-08-16,LONG,TARGET,1,19370.95,19420.95,42.5,-4.33,-3.57,0.76,-7.37,-6.69,0.68,-10.6,-10.02,0.57,-13.98,-13.53,0.45
2023-08-17,SHORT,STOP,0,19383.3,19408.3,-7.5,3.48,6.2,2.72,-0.11,3.43,3.54,-4.26,-0.38,3.88,-8.95,-5.29,3.66
2023-08-23,SHORT,STOP,1,19383.3,19408.3,-7.5,-3.95,-1.1,2.85,-7.05,-4.22,2.82,-10.38,-7.79,2.58,-13.91,-11.77,2.14
2023-08-23,LONG,TARGET,1,19420.95,19470.95,42.5,-3.21,-2.3,0.91,-6.37,-5.55,0.82,-9.75,-9.05,0.7,-13.31,-12.76,0.55
2023-08-24,LONG,STOP,0,19570.8,19545.8,-7.5,2.91,5.98,3.07,-0.71,3.05,3.75,-4.81,-0.84,3.96,-9.35,-5.71,3.64
2023-08-24,SHORT,TARGET,0,19524.85,19474.85,42.5,5.62,6.69,1.07,3.41,5.01,1.59,0.03,2.0,1.97,-4.66,-2.61,2.04
2023-09-01,LONG,TARGET,6,19309.2,19359.2,42.5,-12.75,-12.65,0.1,-14.66,-14.57,0.09,-16.6,-16.53,0.07,-18.55,-18.49,0.05
2023-09-14,LONG,STOP,0,20141.2,20116.2,-7.5,4.02,4.77,0.75,1.0,1.19,0.19,-2.82,-3.02,-0.2,-7.44,-7.83,-0.39
2023-09-14,SHORT,TARGET,0,20111.85,20061.85,42.5,4.58,6.14,1.56,1.68,3.5,1.83,-2.13,-0.21,1.92,-6.87,-5.08,1.79
2023-09-18,LONG,STOP,3,20177.65,20152.65,-7.5,-7.43,-8.88,-1.44,-9.98,-11.32,-1.34,-12.69,-13.86,-1.16,-15.54,-16.47,-0.93
2023-09-25,LONG,STOP,3,19676.8,19651.8,-7.5,-7.0,-8.45,-1.44,-9.59,-10.94,-1.35,-12.36,-13.54,-1.18,-15.28,-16.22,-0.95
2023-09-25,SHORT,STOP,3,19650.0,19675.0,-7.5,-8.66,-10.42,-1.75,-11.19,-12.76,-1.57,-13.85,-15.18,-1.33,-16.63,-17.67,-1.04
2023-09-27,SHORT,TARGET,1,19605.25,19555.25,42.5,-2.28,-1.45,0.84,-5.38,-4.59,0.79,-8.84,-8.13,0.7,-12.63,-12.06,0.58
2023-09-27,LONG,TARGET,1,19629.25,19679.25,42.5,-0.1,0.71,0.81,-3.09,-2.27,0.82,-6.62,-5.85,0.77,-10.64,-9.99,0.65
2023-10-16,LONG,TARGET,3,19730.05,19780.05,42.5,-7.26,-6.98,0.28,-9.83,-9.58,0.25,-12.57,-12.36,0.21,-15.45,-15.28,0.16
2023-10-23,LONG,STOP,3,19539.3,19514.3,-7.5,-7.76,-9.33,-1.57,-10.3,-11.73,-1.43,-12.98,-14.22,-1.23,-15.78,-16.76,-0.98
2023-10-23,SHORT,TARGET,3,19510.3,19460.3,42.5,-7.76,-7.4,0.36,-10.37,-10.04,0.32,-13.14,-12.86,0.28,-16.07,-15.85,0.22
2023-11-13,SHORT,HARD_EXIT,3,19463.1,19442.6,13.0,-7.57,-7.25,0.32,-10.19,-9.96,0.23,-12.99,-12.82,0.17,-15.95,-15.83,0.12
2023-11-13,LONG,STOP,3,19477.1,19452.1,-7.5,-6.85,-8.3,-1.45,-9.45,-10.81,-1.36,-12.24,-13.43,-1.19,-15.18,-16.14,-0.95
2023-11-23,SHORT,HARD_EXIT,0,19836.55,19802.85,26.200000000000728,3.73,0.0,-3.73,0.2,0.0,-0.2,-3.94,0.0,3.94,-8.66,0.0,8.66
2023-11-28,SHORT,STOP,2,19820.95,19845.95,-7.5,-4.94,-6.4,-1.46,-7.78,-9.19,-1.42,-10.89,-12.17,-1.27,-14.27,-15.31,-1.04
2023-11-28,LONG,TARGET,2,19829.7,19879.7,42.5,-4.06,-3.57,0.49,-6.9,-6.45,0.46,-10.05,-9.65,0.4,-13.46,-13.14,0.32
2023-12-01,LONG,HARD_EXIT,6,20254.45,20267.95,6.0,-12.99,-13.15,-0.16,-14.86,-15.01,-0.15,-16.76,-16.89,-0.13,-18.67,-18.78,-0.11
2023-12-08,LONG,STOP,6,20991.7,20966.7,-7.5,-12.62,-14.0,-1.39,-14.53,-15.73,-1.2,-16.48,-17.48,-0.99,-18.45,-19.22,-0.76
2023-12-14,LONG,STOP,0,21185.15,21160.15,-7.5,3.42,4.16,0.74,0.49,0.71,0.22,-3.24,-3.38,-0.14,-7.77,-8.09,-0.32
2023-12-19,SHORT,STOP,2,21379.5,21404.5,-7.5,-9.4,-6.92,2.48,-11.87,-9.63,2.24,-14.43,-12.52,1.91,-17.08,-15.58,1.51
2023-12-26,LONG,TARGET,2,21393.65,21443.65,42.5,-7.18,-6.78,0.41,-9.8,-9.44,0.36,-12.58,-12.27,0.3,-15.48,-15.24,0.24
2024-01-02,SHORT,STOP,2,21636.8,21661.8,-7.5,-8.95,-6.55,2.39,-11.46,-9.28,2.18,-14.09,-12.21,1.88,-16.81,-15.32,1.49
2024-01-03,SHORT,TARGET,1,21588.25,21538.25,42.5,-5.36,-4.55,0.81,-8.29,-7.56,0.73,-11.42,-10.8,0.62,-14.72,-14.23,0.49
2024-01-08,SHORT,STOP,3,21675.3,21700.3,-7.5,-11.96,-9.78,2.18,-14.08,-12.17,1.92,-16.26,-14.66,1.6,-18.5,-17.26,1.24
2024-01-11,SHORT,TARGET,0,21674.6,21624.6,42.5,3.43,4.8,1.37,0.7,2.34,1.63,-2.93,-1.19,1.74,-7.48,-5.85,1.63
2024-01-12,LONG,TARGET,6,21754.85,21804.85,42.5,-13.79,-13.69,0.1,-15.54,-15.45,0.08,-17.31,-17.25,0.07,-19.09,-19.04,0.05
2024-01-23,SHORT,TARGET,2,21674.0,21624.0,42.5,-6.15,-5.66,0.49,-8.87,-8.42,0.45,-11.84,-11.45,0.39,-15.02,-14.71,0.31
2024-02-08,SHORT,STOP,0,21965.35,21990.35,-7.5,2.97,3.53,0.56,-0.02,0.07,0.09,-3.78,-4.01,-0.23,-8.31,-8.68,-0.37
2024-02-12,SHORT,TARGET,3,21722.9,21672.9,42.5,-8.52,-8.17,0.34,-11.01,-10.71,0.31,-13.67,-13.41,0.26,-16.47,-16.27,0.2
2024-02-16,LONG,HARD_EXIT,6,22028.25,22032.05,-3.700000000000728,-12.38,-11.86,0.52,-14.31,-13.87,0.44,-16.3,-15.94,0.36,-18.31,-18.04,0.27
2024-02-20,SHORT,STOP,2,22063.55,22088.55,-7.5,-7.12,-8.64,-1.52,-9.78,-11.19,-1.41,-12.64,-13.86,-1.22,-15.66,-16.63,-0.97
2024-02-20,LONG,STOP,2,22127.9,22102.9,-7.5,-6.44,-7.79,-1.35,-9.09,-10.37,-1.28,-11.94,-13.07,-1.13,-14.96,-15.87,-0.91
2024-02-26,SHORT,STOP,3,22127.85,22152.85,-7.5,-12.0,-9.86,2.14,-14.11,-12.23,1.88,-16.28,-14.71,1.57,-18.52,-17.29,1.22
2024-03-05,SHORT,TARGET,2,22347.15,22297.15,42.5,-8.59,-8.12,0.46,-11.12,-10.71,0.41,-13.79,-13.45,0.34,-16.58,-16.31,0.27
2024-03-11,SHORT,TARGET,3,22465.45,22415.45,42.5,-9.49,-9.16,0.33,-11.89,-11.6,0.29,-14.41,-14.17,0.24,-17.06,-16.87,0.19
2024-03-19,SHORT,TARGET,2,21901.85,21851.85,42.5,-7.92,-7.44,0.48,-10.52,-10.1,0.42,-13.28,-12.93,0.36,-16.18,-15.9,0.28
2024-03-21,LONG,TARGET,0,22005.5,22055.5,42.5,1.79,3.65,1.86,-1.55,0.3,1.85,-5.42,-3.71,1.72,-9.77,-8.33,1.44
2024-03-27,LONG,TARGET,1,22133.25,22183.25,42.5,-3.54,-2.83,0.71,-6.45,-5.78,0.66,-9.67,-9.08,0.59,-13.16,-12.69,0.47
2024-04-03,LONG,TARGET,1,22392.9,22442.9,42.5,-4.42,-3.71,0.71,-7.31,-6.66,0.66,-10.46,-9.89,0.57,-13.82,-13.36,0.45
2024-04-08,LONG,TARGET,4,22591.65,22641.65,42.5,-11.45,-11.27,0.18,-13.53,-13.38,0.15,-15.67,-15.55,0.13,-17.85,-17.76,0.1
2024-04-12,SHORT,STOP,6,22650.7,22675.7,-7.5,-14.08,-15.46,-1.38,-15.88,-17.06,-1.19,-17.73,-18.7,-0.97,-19.64,-20.38,-0.74
2024-04-12,LONG,STOP,6,22689.6,22664.6,-7.5,-13.11,-14.43,-1.32,-14.95,-16.09,-1.14,-16.83,-17.77,-0.94,-18.72,-19.44,-0.72
2024-04-24,LONG,STOP,1,22435.0,22410.0,-7.5,-3.88,-5.06,-1.18,-6.77,-7.97,-1.2,-9.96,-11.08,-1.11,-13.4,-14.34,-0.93
2024-04-25,LONG,TARGET,0,22401.35,22451.35,42.5,1.73,3.55,1.81,-1.55,0.28,1.82,-5.38,-3.67,1.7,-9.71,-8.27,1.44
2024-05-03,SHORT,TARGET,6,22767.7,22717.7,42.5,-13.16,-13.0,0.16,-15.08,-14.95,0.14,-17.07,-16.96,0.11,-19.14,-19.05,0.09
2024-05-07,SHORT,TARGET,2,22412.3,22362.3,42.5,-7.49,-7.01,0.48,-10.11,-9.69,0.43,-12.92,-12.55,0.36,-15.88,-15.6,0.29
2024-05-16,SHORT,TARGET,0,22241.55,22191.55,42.5,1.43,3.43,2.0,-1.97,-0.0,1.97,-5.87,-4.06,1.81,-10.23,-8.72,1.51
2024-05-27,SHORT,STOP,3,22953.25,22978.25,-7.5,-10.62,-12.19,-1.57,-12.89,-14.27,-1.38,-15.26,-16.42,-1.15,-17.72,-18.61,-0.89
2024-05-27,LONG,TARGET,3,23018.8,23068.8,42.5,-11.66,-11.4,0.26,-13.75,-13.53,0.22,-15.88,-15.7,0.18,-18.03,-17.9,0.14
2024-05-29,LONG,STOP,1,22808.05,22783.05,-7.5,-5.93,-3.26,2.67,-8.74,-6.18,2.56,-11.72,-9.44,2.28,-14.84,-12.98,1.86
2024-05-29,SHORT,TARGET,1,22781.3,22731.3,42.5,-6.83,-6.05,0.79,-9.62,-8.93,0.69,-12.55,-11.97,0.58,-15.62,-15.16,0.46
2024-06-11,LONG,TARGET,2,23269.95,23319.95,42.5,-10.44,-10.08,0.36,-12.71,-12.4,0.31,-15.03,-14.78,0.25,-17.4,-17.2,0.19
2024-06-12,LONG,STOP,1,23404.45,23379.45,-7.5,-6.05,-3.44,2.61,-8.84,-6.33,2.5,-11.79,-9.56,2.24,-14.89,-13.07,1.82
2024-06-13,SHORT,HARD_EXIT,0,23400.85,23403.9,-7.5,1.15,0.0,-1.15,-2.12,0.0,2.12,-5.93,0.0,5.93,-10.23,0.0,10.23
2024-06-21,SHORT,TARGET,6,23609.65,23559.65,42.5,-14.01,-13.86,0.15,-15.81,-15.68,0.13,-17.67,-17.57,0.11,-19.6,-19.51,0.08
2024-07-01,LONG,STOP,3,24080.15,24055.15,-7.5,-10.07,-11.43,-1.36,-12.32,-13.54,-1.21,-14.67,-15.69,-1.03,-17.08,-17.89,-0.8
2024-07-10,SHORT,TARGET,1,24369.15,24319.15,42.5,-4.92,-4.15,0.77,-7.76,-7.05,0.71,-10.88,-10.25,0.62,-14.24,-13.74,0.5
2024-07-18,LONG,STOP,0,24637.25,24612.25,-7.5,0.91,1.14,0.24,-2.18,-2.27,-0.09,-5.84,-6.13,-0.3,-10.03,-10.4,-0.37
2024-07-18,SHORT,STOP,0,24551.95,24576.95,-7.5,3.28,4.58,1.3,0.05,0.85,0.8,-3.88,-3.46,0.42,-8.49,-8.32,0.17
2024-07-23,SHORT,TARGET,2,24487.0,24437.0,42.5,-10.67,-10.25,0.42,-12.95,-12.59,0.36,-15.32,-15.02,0.3,-17.76,-17.53,0.23
2024-07-25,LONG,TARGET,0,24274.65,24324.65,42.5,-1.72,0.27,1.99,-5.05,-3.23,1.82,-8.65,-7.08,1.57,-12.47,-11.22,1.25
2024-07-30,LONG,STOP,2,24863.5,24838.5,-7.5,-10.82,-8.59,2.22,-13.02,-11.04,1.98,-15.28,-13.61,1.67,-17.59,-16.28,1.3
2024-07-31,LONG,STOP,1,24923.6,24898.6,-7.5,-8.63,-5.79,2.84,-11.15,-8.58,2.57,-13.77,-11.56,2.2,-16.44,-14.7,1.74
2024-08-07,SHORT,STOP,1,24230.5,24255.5,-7.5,-7.94,-5.12,2.83,-10.59,-7.99,2.6,-13.37,-11.12,2.25,-16.25,-14.45,1.8
2024-08-07,LONG,STOP,1,24303.0,24278.0,-7.5,-6.0,-3.36,2.64,-8.79,-6.25,2.54,-11.75,-9.48,2.27,-14.85,-13.0,1.85
2024-08-20,LONG,HARD_EXIT,2,24695.6,24702.8,-0.2999999999992724,-9.41,-7.42,1.99,-11.78,-10.04,1.73,-14.24,-12.8,1.43,-16.77,-15.67,1.09
2024-08-21,LONG,TARGET,1,24690.35,24740.35,42.5,-5.82,-5.13,0.69,-8.57,-7.94,0.63,-11.53,-11.0,0.54,-14.66,-14.24,0.42
2024-08-26,LONG,TARGET,3,24981.2,25031.2,42.5,-10.62,-10.37,0.25,-12.8,-12.58,0.22,-15.07,-14.89,0.18,-17.39,-17.25,0.14
2024-08-28,SHORT,STOP,1,25023.1,25048.1,-7.5,-5.07,-6.23,-1.16,-7.88,-9.03,-1.15,-10.97,-12.02,-1.04,-14.32,-15.18,-0.86
2024-08-28,LONG,TARGET,1,25026.3,25076.3,42.5,-4.27,-3.49,0.77,-7.09,-6.37,0.72,-10.21,-9.58,0.64,-13.59,-13.08,0.51
2024-08-29,LONG,STOP,0,25098.0,25073.0,-7.5,-0.08,-0.17,-0.09,-3.27,-3.62,-0.35,-6.92,-7.4,-0.48,-10.98,-11.47,-0.49
2024-09-04,LONG,STOP,1,25127.45,25102.45,-7.5,-5.19,-6.29,-1.11,-7.95,-9.04,-1.1,-10.96,-11.96,-1.0,-14.19,-15.02,-0.83
2024-09-04,SHORT,STOP,1,25107.6,25132.6,-7.5,-5.71,-7.03,-1.32,-8.52,-9.79,-1.27,-11.56,-12.69,-1.13,-14.81,-15.72,-0.91
2024-09-05,SHORT,TARGET,0,25210.75,25160.75,42.5,0.46,2.25,1.79,-2.67,-0.86,1.82,-6.35,-4.64,1.71,-10.55,-9.09,1.46
2024-09-06,SHORT,TARGET,6,24994.9,24944.9,42.5,-15.39,-15.25,0.13,-16.99,-16.88,0.11,-18.64,-18.55,0.09,-20.33,-20.26,0.07
2024-09-10,SHORT,STOP,2,24921.1,24946.1,-7.5,-8.45,-9.83,-1.38,-10.95,-12.21,-1.26,-13.61,-14.7,-1.09,-16.42,-17.27,-0.86
2024-09-10,LONG,TARGET,2,24994.2,25044.2,42.5,-8.79,-8.36,0.43,-11.23,-10.85,0.38,-13.78,-13.47,0.32,-16.42,-16.18,0.24
2024-09-16,LONG,STOP,3,25417.2,25392.2,-7.5,-13.16,-11.25,1.91,-15.02,-13.36,1.66,-16.92,-15.54,1.38,-18.82,-17.76,1.06
2024-09-16,SHORT,STOP,3,25378.85,25403.85,-7.5,-13.28,-11.29,1.99,-15.2,-13.47,1.73,-17.17,-15.73,1.44,-19.19,-18.08,1.11
2024-09-18,LONG,TARGET,1,25431.75,25481.75,42.5,-5.67,-4.99,0.68,-8.4,-7.78,0.62,-11.37,-10.83,0.54,-14.52,-14.1,0.43
2024-09-26,LONG,TARGET,0,26045.95,26095.95,42.5,-0.59,1.2,1.79,-3.75,-2.0,1.75,-7.34,-5.75,1.59,-11.32,-10.0,1.32
2024-10-10,LONG,STOP,0,25116.95,25091.95,-7.5,-1.17,2.6,3.76,-4.48,-0.52,3.96,-8.12,-4.32,3.8,-12.02,-8.76,3.26
2024-10-10,SHORT,STOP,0,25043.0,25068.0,-7.5,1.08,4.37,3.29,-2.29,1.61,3.9,-6.14,-2.08,4.06,-10.45,-6.76,3.69
2024-10-14,LONG,STOP,3,25100.2,25075.2,-7.5,-11.88,-10.02,1.86,-13.92,-12.27,1.65,-16.0,-14.62,1.38,-18.12,-17.05,1.07
2024-10-16,LONG,STOP,1,25071.55,25046.55,-7.5,-8.59,-5.79,2.8,-11.11,-8.57,2.54,-13.73,-11.55,2.18,-16.41,-14.69,1.72
2024-10-16,SHORT,TARGET,1,24981.3,24931.3,42.5,-7.39,-6.53,0.86,-10.11,-9.35,0.76,-12.96,-12.32,0.64,-15.93,-15.43,0.5
2024-10-25,SHORT,STOP,6,24250.85,24275.85,-7.5,-14.77,-16.07,-1.31,-16.47,-17.58,-1.12,-18.21,-19.12,-0.91,-20.0,-20.7,-0.69
2024-12-05,SHORT,TARGET,0,24424.45,24374.45,42.5,1.67,3.23,1.56,-1.24,0.47,1.72,-4.88,-3.16,1.71,-9.22,-7.69,1.53
2024-12-10,LONG,STOP,2,24668.95,24643.95,-7.5,-11.13,-8.86,2.27,-13.3,-11.29,2.01,-15.52,-13.83,1.69,-17.77,-16.45,1.31
2024-12-27,LONG,STOP,6,23918.4,23893.4,-7.5,-15.5,-13.99,1.51,-17.0,-15.71,1.29,-18.5,-17.45,1.05,-19.99,-19.19,0.8
2025-01-02,LONG,TARGET,0,23833.1,23883.1,42.5,1.66,3.24,1.59,-1.35,0.34,1.69,-5.01,-3.36,1.65,-9.31,-7.86,1.44
2025-01-16,SHORT,STOP,0,23310.85,23335.85,-7.5,1.8,2.06,0.27,-1.32,-1.44,-0.12,-5.09,-5.44,-0.35,-9.47,-9.91,-0.43
2025-02-19,LONG,STOP,1,22989.1,22964.1,-7.5,-4.58,-5.83,-1.26,-7.43,-8.67,-1.24,-10.55,-11.68,-1.13,-13.88,-14.82,-0.93
2025-02-20,LONG,HARD_EXIT,0,22874.7,22919.3,37.09999999999855,-0.42,19.3,19.72,-3.87,19.3,23.17,-7.62,19.3,26.92,-11.65,19.3,30.95
2025-02-21,SHORT,TARGET,6,22813.65,22763.65,42.5,-13.41,-13.25,0.16,-15.3,-15.17,0.14,-17.25,-17.14,0.11,-19.27,-19.19,0.09
2025-02-27,SHORT,STOP,0,22538.4,22563.4,-7.5,0.94,4.08,3.15,-2.49,1.16,3.65,-6.36,-2.63,3.74,-10.65,-7.29,3.36
2025-04-23,SHORT,TARGET,1,24305.9,24255.9,42.5,-5.86,-5.09,0.77,-8.66,-7.96,0.7,-11.69,-11.09,0.6,-14.91,-14.43,0.48
2025-04-30,LONG,STOP,2,24364.1,24339.1,-7.5,-10.59,-8.34,2.25,-12.83,-10.82,2.01,-15.13,-13.43,1.7,-17.47,-16.14,1.33
2025-05-05,LONG,STOP,3,24503.65,24478.65,-7.5,-11.82,-9.91,1.9,-13.87,-12.18,1.68,-15.96,-14.55,1.41,-18.09,-16.99,1.1
2025-05-05,SHORT,STOP,3,24434.6,24459.6,-7.5,-12.24,-10.19,2.05,-14.31,-12.51,1.8,-16.44,-14.93,1.5,-18.63,-17.46,1.17
2025-05-20,SHORT,STOP,2,24894.05,24919.05,-7.5,-10.35,-8.16,2.19,-12.67,-10.7,1.97,-15.08,-13.4,1.68,-17.57,-16.25,1.32
2025-06-11,LONG,TARGET,1,25145.7,25195.7,42.5,-6.5,-5.82,0.68,-9.21,-8.6,0.61,-12.09,-11.57,0.52,-15.11,-14.7,0.41
2025-06-12,SHORT,TARGET,0,25093.25,25043.25,42.5,-0.69,1.28,1.97,-3.98,-2.09,1.88,-7.65,-5.97,1.69,-11.69,-10.3,1.39
2025-07-02,SHORT,TARGET,1,25534.1,25484.1,42.5,-8.42,-7.7,0.72,-11.01,-10.37,0.63,-13.7,-13.17,0.53,-16.51,-16.09,0.41
2025-07-09,LONG,STOP,1,25517.4,25492.4,-7.5,-8.49,-5.76,2.73,-11.02,-8.53,2.49,-13.64,-11.5,2.14,-16.34,-14.64,1.7
2025-07-10,SHORT,TARGET,0,25426.6,25376.6,42.5,-2.47,-0.43,2.04,-5.75,-3.89,1.86,-9.29,-7.68,1.61,-13.05,-11.76,1.28
2025-07-17,SHORT,TARGET,0,25189.05,25139.05,42.5,-1.12,0.88,2.0,-4.41,-2.53,1.88,-8.06,-6.39,1.67,-12.04,-10.67,1.36
2025-08-06,SHORT,STOP,1,24620.1,24645.1,-7.5,-5.02,-6.22,-1.2,-7.85,-9.03,-1.18,-10.95,-12.02,-1.07,-14.3,-15.18,-0.88
2025-08-08,SHORT,TARGET,6,24477.2,24427.2,42.5,-16.17,-16.05,0.12,-17.67,-17.56,0.1,-19.19,-19.1,0.09,-20.75,-20.68,0.07
2025-09-05,SHORT,TARGET,4,24781.75,24731.75,42.5,-14.35,-14.15,0.2,-16.12,-15.95,0.17,-17.92,-17.78,0.14,-19.77,-19.66,0.11
2025-09-09,SHORT,STOP,0,24847.25,24872.25,-7.5,-0.2,2.88,3.08,-3.47,0.03,3.5,-7.17,-3.64,3.53,-11.28,-8.13,3.15
2025-09-10,LONG,STOP,6,24999.95,24974.95,-7.5,-14.91,-16.14,-1.23,-16.49,-17.54,-1.05,-18.08,-18.94,-0.86,-19.67,-20.33,-0.66
2025-09-10,SHORT,STOP,6,24971.75,24996.75,-7.5,-13.68,-14.92,-1.24,-15.53,-16.6,-1.07,-17.43,-18.31,-0.88,-19.41,-20.08,-0.67
2025-09-16,LONG,TARGET,0,25157.45,25207.45,42.5,-0.83,1.06,1.89,-4.08,-2.29,1.79,-7.71,-6.11,1.6,-11.66,-10.36,1.3
2025-09-19,SHORT,STOP,4,25316.05,25341.05,-7.5,-12.48,-13.82,-1.34,-14.49,-15.66,-1.17,-16.58,-17.54,-0.97,-18.74,-19.48,-0.74
2025-09-22,LONG,STOP,1,25317.0,25292.0,-7.5,-8.34,-5.6,2.73,-10.88,-8.38,2.5,-13.53,-11.38,2.15,-16.26,-14.55,1.71
2025-09-30,SHORT,TARGET,0,24659.95,24609.95,42.5,0.79,2.58,1.79,-2.35,-0.53,1.83,-6.06,-4.34,1.73,-10.31,-8.83,1.48
2025-10-01,LONG,STOP,6,24673.8,24648.8,-7.5,-16.07,-14.59,1.48,-17.48,-16.22,1.26,-18.9,-17.87,1.03,-20.29,-19.51,0.78
2025-10-06,LONG,TARGET,1,24953.6,25003.6,42.5,-7.0,-6.32,0.68,-9.67,-9.07,0.6,-12.5,-11.99,0.51,-15.44,-15.05,0.39
2025-10-14,SHORT,STOP,0,25207.55,25232.55,-7.5,0.26,0.25,-0.01,-2.91,-3.2,-0.29,-6.59,-7.03,-0.44,-10.76,-11.22,-0.46
2025-10-23,LONG,STOP,5,26058.9,26033.9,-7.5,-15.04,-13.54,1.5,-16.61,-15.32,1.29,-18.19,-17.13,1.06,-19.77,-18.96,0.81
2025-10-27,LONG,TARGET,1,25935.85,25985.85,42.5,-6.26,-5.58,0.68,-8.96,-8.34,0.61,-11.85,-11.33,0.52,-14.91,-14.5,0.41
2025-10-30,SHORT,STOP,5,25905.85,25930.85,-7.5,-14.35,-15.64,-1.29,-16.11,-17.21,-1.1,-17.91,-18.81,-0.9,-19.77,-20.45,-0.69
2025-11-04,SHORT,TARGET,0,25705.7,25655.7,42.5,-0.2,1.65,1.85,-3.38,-1.55,1.83,-7.04,-5.35,1.69,-11.14,-9.72,1.42
2025-12-02,SHORT,STOP,0,26075.1,26100.1,-7.5,-3.1,1.0,4.1,-6.33,-2.28,4.05,-9.78,-6.07,3.71,-13.44,-10.36,3.09
2025-12-04,LONG,TARGET,5,26028.3,26078.3,42.5,-13.39,-13.26,0.13,-15.18,-15.07,0.11,-17.02,-16.93,0.09,-18.87,-18.8,0.07
2025-12-05,LONG,TARGET,4,26024.35,26074.35,42.5,-15.05,-14.9,0.14,-16.62,-16.51,0.12,-18.21,-18.12,0.09,-19.79,-19.72,0.07
2025-12-10,LONG,TARGET,6,25878.15,25928.15,42.5,-14.13,-14.03,0.1,-15.82,-15.74,0.08,-17.53,-17.47,0.07,-19.25,-19.2,0.05
2025-12-10,SHORT,STOP,6,25852.95,25877.95,-7.5,-15.15,-16.4,-1.24,-16.79,-17.85,-1.06,-18.47,-19.34,-0.86,-20.2,-20.86,-0.65
2025-12-11,SHORT,STOP,5,25714.0,25739.0,-7.5,-13.83,-15.1,-1.27,-15.66,-16.75,-1.09,-17.54,-18.44,-0.9,-19.48,-20.17,-0.69
2025-12-11,LONG,STOP,5,25813.05,25788.05,-7.5,-15.14,-13.61,1.53,-16.7,-15.38,1.31,-18.26,-17.19,1.08,-19.82,-19.0,0.82
2025-12-16,SHORT,TARGET,0,25906.1,25856.1,42.5,-0.31,1.54,1.85,-3.48,-1.65,1.83,-7.13,-5.45,1.68,-11.21,-9.8,1.41
2025-12-26,SHORT,TARGET,4,26090.6,26040.6,42.5,-14.33,-14.14,0.2,-16.1,-15.93,0.17,-17.9,-17.76,0.14,-19.75,-19.65,0.11
2025-12-29,SHORT,TARGET,1,26037.25,25987.25,42.5,-8.45,-7.73,0.72,-11.02,-10.39,0.63,-13.71,-13.18,0.53,-16.51,-16.1,0.41
2026-01-08,SHORT,TARGET,5,26091.7,26041.7,42.5,-15.21,-15.06,0.15,-16.84,-16.71,0.13,-18.51,-18.41,0.11,-20.23,-20.15,0.08
2026-01-16,LONG,TARGET,4,25739.25,25789.25,42.5,-12.84,-12.67,0.17,-14.73,-14.59,0.14,-16.66,-16.54,0.12,-18.6,-18.52,0.09
2026-01-30,LONG,STOP,4,25283.4,25258.4,-7.5,-12.3,-13.59,-1.29,-14.26,-15.38,-1.13,-16.27,-17.2,-0.94,-18.3,-19.03,-0.72
2026-01-30,SHORT,STOP,4,25245.85,25270.85,-7.5,-13.36,-11.63,1.73,-15.27,-13.75,1.51,-17.22,-15.96,1.26,-19.23,-18.26,0.97
2026-02-06,SHORT,TARGET,4,25552.35,25502.35,42.5,-13.4,-13.19,0.21,-15.29,-15.11,0.18,-17.24,-17.09,0.15,-19.25,-19.13,0.12
2026-02-06,LONG,TARGET,4,25593.0,25643.0,42.5,-12.73,-12.55,0.18,-14.63,-14.48,0.15,-16.58,-16.46,0.12,-18.55,-18.46,0.09
2026-02-18,SHORT,STOP,6,25665.45,25690.45,-7.5,-14.56,-15.77,-1.21,-16.28,-17.32,-1.04,-18.06,-18.9,-0.85,-19.88,-20.53,-0.65
2026-02-19,SHORT,TARGET,5,25772.85,25722.85,42.5,-13.37,-13.2,0.18,-15.26,-15.11,0.15,-17.21,-17.09,0.13,-19.23,-19.13,0.1
2026-05-14,SHORT,STOP,5,23464.45,23489.45,-7.5,-12.78,-14.15,-1.36,-14.76,-15.94,-1.18,-16.8,-17.78,-0.98,-18.92,-19.67,-0.75
2026-05-14,LONG,STOP,5,23668.6,23643.6,-7.5,-14.43,-12.75,1.68,-16.1,-14.65,1.45,-17.78,-16.59,1.19,-19.46,-18.55,0.91
2026-06-11,LONG,TARGET,5,23115.7,23165.7,42.5,-14.26,-14.14,0.12,-15.95,-15.85,0.1,-17.66,-17.58,0.08,-19.36,-19.3,0.06
2026-06-12,SHORT,STOP,4,23346.55,23371.55,-7.5,-12.73,-10.95,1.78,-14.73,-13.16,1.56,-16.78,-15.47,1.31,-18.9,-17.89,1.01
2026-06-23,LONG,STOP,0,24131.3,24106.3,-7.5,1.54,1.97,0.43,-1.44,-1.39,0.05,-5.09,-5.28,-0.19,-9.36,-9.66,-0.31
2026-06-23,SHORT,TARGET,0,23982.65,23932.65,42.5,3.87,7.42,3.55,0.26,3.83,3.57,-3.93,-0.57,3.36,-8.67,-5.79,2.87
